c3bf9819-7e4d-468e-9120-7f3e8d5cf35b,alex.ash@reddit.dne.com,mcd2yt7r
1ef58b75-5aff-4f79-9454-676d2c74dc7f,ben.ash@reddit.dne.com,1t1n7rmt
d15ff38a-7ba1-4090-9e39-9ccc2f18a779,cole.ash@reddit.dne.com,4859haam
a215adc2-c1ce-40df-9faa-cc10aa9b7aa6,dan.ash@reddit.dne.com,4y1gxm4d
e554c9c6-3f2e-47c1-a1f9-b40e9e7f98a7,eva.ash@reddit.dne.com,ysyqei1z
4b2f884c-f1ea-4f45-b9c7-c2914431ec7b,fox.ash@reddit.dne.com,6zy72mzp
405d435a-34d6-4f59-904a-411f2f999ff7,gus.ash@reddit.dne.com,4cz7drgy
d673a9c3-1373-4333-a74a-1a9c93937e9d,hal.ash@reddit.dne.com,q5s5gvb0
e36be014-aa44-4d4f-a3b6-98743ec7a3d1,ivy.ash@reddit.dne.com,zey1h8fa
11ee806d-92a0-455f-ad0c-44403021d24d,jay.ash@reddit.dne.com,vizjelej
3f926655-383b-4da3-8a83-b0ac8d30677b,kim.ash@reddit.dne.com,w0h1qelv
7dcfa5ec-5154-441c-9d40-63d8157eafac,leo.ash@reddit.dne.com,wgcasgkn
4df26342-3547-414f-9882-13f66830f2ee,max.ash@reddit.dne.com,ufhsptwi
cde2e9fe-327a-4ca2-897d-27dd6d74ff05,nia.ash@reddit.dne.com,wesoycab
f036947a-6ebf-4503-b26a-dd671685c178,oak.ash@reddit.dne.com,eanltfzu
84f95951-3afe-43d8-b68b-9b4794518559,pip.ash@reddit.dne.com,xd5eqsev
d3a852f3-288d-41f3-85c9-af0e4f009c94,rex.ash@reddit.dne.com,6dqd1j1m
b5d02228-3631-4622-b0bb-77f0e992757d,sam.ash@reddit.dne.com,dmeaqgis
cc9783e9-429a-4775-90b7-cf732504d213,tia.ash@reddit.dne.com,gr99u8uq
fe59aef8-2c45-46b1-bd57-7ae4e1858fcb,uma.ash@reddit.dne.com,og823bo0
32c8695d-af64-4722-9457-6e0dbda44d13,val.ash@reddit.dne.com,nrkxy4jc
d1d83067-9087-43b0-b8f6-e7d2440c7e42,wade.ash@reddit.dne.com,2ep3aroe
f788a6f4-f950-47b2-96e0-6cca11a93821,xara.ash@reddit.dne.com,uyf8bdae
f91ab55b-4c6a-4731-9584-f7e1be0d5597,yve.ash@reddit.dne.com,ncdzs1a0
5f8b9ff8-8c8a-4c5a-b36a-ca00773e753f,zoe.ash@reddit.dne.com,xsplsqsm
e93c7680-edd6-4112-8fb6-da29ee82d10f,alex.bell@reddit.dne.com,709avb8q
6e9e3b9e-64ee-40d0-a05a-62a90fb63323,ben.bell@reddit.dne.com,1gvt3ekm
9899576e-ec53-471f-8ef7-64b5e5e5046d,cole.bell@reddit.dne.com,hi6gxej1
0deec702-924b-419f-9c18-eacbf37a95e7,dan.bell@reddit.dne.com,xkg643ep
0863535d-03fe-4655-b838-b9ca5b49add7,eva.bell@reddit.dne.com,xsyfi8wz
dfe9a27f-39e0-47f9-8303-cdb90aa5024f,fox.bell@reddit.dne.com,598zfytr
83885a88-93af-4d63-8c82-a068a56401e2,gus.bell@reddit.dne.com,rtmj4yyr
ab475de5-d8ea-4312-b106-fdb1818385a2,hal.bell@reddit.dne.com,waz9z3jw
34bff063-769d-4951-a4e3-8439764c9afd,ivy.bell@reddit.dne.com,4qdlydnd
4ab110ef-c919-41d3-aeec-5e0a7be54ad3,jay.bell@reddit.dne.com,vduyqju8
95bece1d-fc02-40cc-860c-17742e778917,kim.bell@reddit.dne.com,l4qzjeyv
073d11b9-12a9-4bad-85f7-d32e485390a9,leo.bell@reddit.dne.com,lnp5p189
d3dc33b7-308c-4302-8bff-384ee4b03e0d,max.bell@reddit.dne.com,5hw3z5av
08ae2fa8-b669-4fbf-aee5-435f114cbcf0,nia.bell@reddit.dne.com,r8dh9fl9
e837210b-f980-4e71-a833-83c8ea8b6fde,oak.bell@reddit.dne.com,1wsk01bz
ebcd0a4d-f79b-4f64-a6f8-0eb8f24bcbbe,pip.bell@reddit.dne.com,oj6y9ver
ab91153d-1e91-47aa-99e3-9189bc62c768,rex.bell@reddit.dne.com,87n6iw8u
8372c362-3a49-436b-97da-5692ad19f8d5,sam.bell@reddit.dne.com,etjj5rgy
1965b1ff-e1fd-4d09-b429-503b593211e0,tia.bell@reddit.dne.com,h7tlg5eh
6185adb6-7fae-4c01-b8c8-b897c0a0f872,uma.bell@reddit.dne.com,u2blu2li
d10834fc-7af2-4022-b583-48f7b0bd2058,val.bell@reddit.dne.com,hvebxvwq
9e61c290-8960-41fd-83d6-5f5e1e7283b7,wade.bell@reddit.dne.com,ea2yw49o
4259f3e8-7ced-483c-9653-3f3868eecb23,xara.bell@reddit.dne.com,zxxxyzka
4bb81ce1-b919-4caf-a360-1f8011394365,yve.bell@reddit.dne.com,5z4phsrw
49d81b77-8ba2-43ca-850a-48f68338258d,zoe.bell@reddit.dne.com,8rlffk31
7c6ff694-3f35-4791-9705-2be085c3fd04,alex.cox@reddit.dne.com,wblptlx2
04ed2773-d907-49e8-889b-92448fb6ccb2,ben.cox@reddit.dne.com,ni4ynx2x
f598bfce-36f2-4cc5-895f-8dbf0d0e8880,cole.cox@reddit.dne.com,2aoffjew
423200a6-ff53-479f-a31a-ca5c2bf9749b,dan.cox@reddit.dne.com,cass2q22
b51673f3-29d4-4090-a3be-2dffa27b4183,eva.cox@reddit.dne.com,rxsxabu3
26497c75-4c68-4f66-a04e-8b87319e04f6,fox.cox@reddit.dne.com,jtlkxjdw
2e5916a9-210e-48e5-ab9c-7c68f78fc2f9,gus.cox@reddit.dne.com,dx1yvcx6
5e97475c-3db5-4589-8491-ed3b12150526,hal.cox@reddit.dne.com,o7nv1flj
f2f9c447-e2d4-424d-913c-7f73b931ee62,ivy.cox@reddit.dne.com,hona311b
60940669-24c0-4a24-9e59-5474a43cd35b,jay.cox@reddit.dne.com,s2swk8ae
f1e386b4-9b73-41bd-8734-625bdcf98b31,kim.cox@reddit.dne.com,zi8rbe8t
a4b43291-9198-4196-bba3-9d47a6dab9b9,leo.cox@reddit.dne.com,c1k6zcb5
aef2e238-07c4-4e18-a1d2-086036ec690d,max.cox@reddit.dne.com,81x7o0ko
8c75d76e-3519-4d3a-b1a8-ae3b6455e6b9,nia.cox@reddit.dne.com,xc0x18i0
b2e2dd0a-f868-4af0-985c-03f2dd33d6e7,oak.cox@reddit.dne.com,8w18ipvg
9cb985c7-90a1-47a5-ac9e-03e33457f28b,pip.cox@reddit.dne.com,ay93jtys
771723db-9376-40b9-9c74-7d4a276f41f4,rex.cox@reddit.dne.com,laoqietf
1a1e636b-f0e5-41b9-a780-bd9a0c8711f4,sam.cox@reddit.dne.com,h00gyu7v
1a5ceba7-f06f-41a2-a3f8-81278e037e4f,tia.cox@reddit.dne.com,4ia30xn8
a59713ed-5687-4f46-ae0b-16cc5fde0012,uma.cox@reddit.dne.com,ffpciv5h
e37eeae7-8107-4b78-a29b-5eb7a5d6ac6c,val.cox@reddit.dne.com,h5aa6njq
c56a23f7-669a-4091-838f-e860815a76d2,wade.cox@reddit.dne.com,8qclmz9u
590fbb01-ca65-4030-b663-f1cabd294e81,xara.cox@reddit.dne.com,m37kcnfw
92210f55-c302-4ca6-94f6-8e995db9c277,yve.cox@reddit.dne.com,2ys35lew
92cc6fd3-18ae-48a7-80d4-f69b93da5da5,zoe.cox@reddit.dne.com,yzgy3q1b
327551b5-02ed-4edd-8a4c-0051273045be,alex.day@reddit.dne.com,p67hxfue
16b86a53-f834-42c0-83be-6a7fbb29b07f,ben.day@reddit.dne.com,h2jdwxve
bb8c014b-4166-486d-9f8d-e5e5adb11721,cole.day@reddit.dne.com,sijemp27
3dd26c73-ba2f-4a7c-9e71-38969520262c,dan.day@reddit.dne.com,qecdjmwp
0735e996-9a8b-4a60-b9ff-329f55303eac,eva.day@reddit.dne.com,4cufrmeo
3390505a-cf08-4f09-985c-80a644243aa1,fox.day@reddit.dne.com,etuh4175
a23356f0-f871-43b9-9755-b27237b77d11,gus.day@reddit.dne.com,t5hqf9ru
af03c66f-620e-4082-b87d-b9f762fe5a1d,hal.day@reddit.dne.com,49hqbpe2
7ca091d1-e5b0-4cb0-9dde-6b0e791d0d37,ivy.day@reddit.dne.com,z7h4a7u8
8919b2af-7833-4f31-a82d-c947594b4c8c,jay.day@reddit.dne.com,d83k73g4
36c5bc84-3aea-48fc-a1d5-af4f00e1c9be,kim.day@reddit.dne.com,8ifu1rl6
cd4c90d8-3800-40a2-8555-ffaa18e0c116,leo.day@reddit.dne.com,sgdkd58w
bb275b9a-df9f-44d8-8c3f-f458412e6a50,max.day@reddit.dne.com,axdr9or2
e2f3d566-b629-4732-90fb-259032b91c7e,nia.day@reddit.dne.com,ua6kme4e
76b49e22-2106-42c2-bbb9-4a119d51b956,oak.day@reddit.dne.com,gpk5ao9y
2311061d-7e56-48f6-8d07-e1a6b9e77231,pip.day@reddit.dne.com,5g9wa0zp
dfe1cced-b917-4985-ae23-5c9030ce57a0,rex.day@reddit.dne.com,48appv7n
8483de62-79d2-4ce5-9a17-1c1366cc5bdb,sam.day@reddit.dne.com,466fkv5q
add196d1-766a-4ee5-a6cb-afb247ce8bf9,tia.day@reddit.dne.com,ofwyiu8w
a406de63-3864-4d6b-b510-6ed8d6260c2c,uma.day@reddit.dne.com,8chhz2hx
d70a6a3c-2bd6-4bfa-8a27-3d2253c81418,val.day@reddit.dne.com,u2x2iqmk
81044028-5fba-4173-9ac6-202dc5983d29,wade.day@reddit.dne.com,yytepa4r
2b8b612b-bf72-4bdc-92c4-9d0a7ebda9a5,xara.day@reddit.dne.com,gs31htct
bd3833c2-60d2-4dcd-b22f-47f45766914b,yve.day@reddit.dne.com,blnoboh2
fdc57ed3-8d1a-431c-b647-badb6b7780aa,zoe.day@reddit.dne.com,1kmkxuvo
72dfd455-eb1a-4e38-bdef-9e7d62432eeb,alex.ely@reddit.dne.com,c0ykqrn2
674b90c4-5cef-4599-8d55-1d58208eb4b8,ben.ely@reddit.dne.com,i5clcy59
e9f15409-3c4e-42c2-9118-9fe5578e9635,cole.ely@reddit.dne.com,2zcaj5r6
0afb3072-d939-4dcd-9044-11da29577532,dan.ely@reddit.dne.com,8cs54vwj
c25f7806-4e53-49f4-a3f9-aadd06ea8ecc,eva.ely@reddit.dne.com,xlpifdn5
3f3a1e3f-838b-4d14-b3e3-74330a20c584,fox.ely@reddit.dne.com,ewhibuw7
b10b6914-8a1c-4df0-8476-ada76c8344a9,gus.ely@reddit.dne.com,7tyiwfge
895d6b41-c612-4fb7-bdcb-2908e4963117,hal.ely@reddit.dne.com,zml115zb
025936ff-ade3-4d0b-be0f-4027f98e2967,ivy.ely@reddit.dne.com,k1pv16r6
37d8f80b-a724-4213-a351-1399527d6fc6,jay.ely@reddit.dne.com,wjw05pzf
ade1b7c1-6574-45fd-8739-106e8fda137c,kim.ely@reddit.dne.com,vbyr6itx
b64ec6b4-cba7-4905-80a6-2e5bf3182e78,leo.ely@reddit.dne.com,w1xqvse1
51ab141f-8e41-44a2-aa08-228eaf107350,max.ely@reddit.dne.com,0d74kok8
90914fd1-1241-4f32-9aac-d64a3df079bb,nia.ely@reddit.dne.com,8szs3ywe
473798dc-81e5-474c-ab86-b53fb88276cb,oak.ely@reddit.dne.com,0h03hc26
28b48e23-95b6-4074-a5c7-b196e4afa50d,pip.ely@reddit.dne.com,ys9ay0vl
b8e62abd-8766-449b-a156-2d84b0028136,rex.ely@reddit.dne.com,1h3hl0n1
e32a1d3a-7634-4f02-9533-5888095a71f0,sam.ely@reddit.dne.com,koc25qx8
b1285131-601c-404b-b593-bc53b60f6143,tia.ely@reddit.dne.com,34anljj4
175c2d92-6027-4262-9629-0625d4b5745d,uma.ely@reddit.dne.com,as6cc0sl
ffd5f689-7326-43af-9075-066818d5091a,val.ely@reddit.dne.com,2n765def
e9f06630-66cd-40fa-a1aa-53f01b1837b8,wade.ely@reddit.dne.com,1tol5rus
30cd86cf-bd93-4664-adbc-b1774ab50484,xara.ely@reddit.dne.com,xb15rcoc
eee5d2c9-7ea3-4711-9524-99b7c27228d8,yve.ely@reddit.dne.com,dbsc3aur
96ed4983-aa86-41d8-94b0-9c6a2ad2973d,zoe.ely@reddit.dne.com,gxhdetga
5e764adf-2cef-49ff-9318-e5752fb2239b,alex.fox@reddit.dne.com,gstpbstq
414a80c9-645a-45dd-b3ec-5445d215e4cd,ben.fox@reddit.dne.com,7s8mf9pf
8669cf7a-eb37-49c9-9bee-25344285c676,cole.fox@reddit.dne.com,mzck6kdx
78d839f9-f930-4e52-bf55-733474b65cdf,dan.fox@reddit.dne.com,82vp14f1
00540f5a-63c2-4b23-aaf1-c75d0fd99beb,eva.fox@reddit.dne.com,n7zztzw2
34100ad5-6eb1-45b1-a24b-79f0bd0e5b9d,fox.fox@reddit.dne.com,mh1zxdhc
0b77d823-4c2f-472e-85d7-f538f4bfdd99,gus.fox@reddit.dne.com,ai18n6vu
717a7d2e-2b97-4ff0-8898-19a2b3bb2805,hal.fox@reddit.dne.com,z4ew2qiu
9c5b8ac0-6c01-4d54-86df-ef94067478bb,ivy.fox@reddit.dne.com,lxik4go4
ebbd08ce-e7e8-4f39-a4e3-f5d4ae8d738f,jay.fox@reddit.dne.com,e07ywyey
141e99f5-f8f9-4701-b87b-7139597ca8de,kim.fox@reddit.dne.com,nljrv3y4
1730402e-974b-4e35-ae2c-2b6ce468d128,leo.fox@reddit.dne.com,i57tllst
559338fe-0a9b-488f-a1df-d5428504a8a5,max.fox@reddit.dne.com,zid38b4d
e41e4c92-4df6-4419-b7b0-8128d78e946d,nia.fox@reddit.dne.com,agvdkdqn
a0e3b34b-32a8-478e-83ae-9f9fff6c724f,oak.fox@reddit.dne.com,w2y8wtyf
481e4f76-7179-4cca-b188-363a1dc2749a,pip.fox@reddit.dne.com,s2d9dxns
e61711d7-428c-4213-8280-faa36f33a498,rex.fox@reddit.dne.com,jssczhgj
522223d2-3b00-40ce-b1ee-e723bd899a59,sam.fox@reddit.dne.com,sm7s50w4
77ed01ed-fa61-4bc5-a0fb-80fdf79ef208,tia.fox@reddit.dne.com,5vvuk5p6
a2eb6402-e986-4b66-a132-56ec804b129b,uma.fox@reddit.dne.com,o86h02c4
0cc92663-a810-4b0e-bebb-9349e471bfed,val.fox@reddit.dne.com,rf6s6vgs
41492cec-a329-425c-a435-42f77701a080,wade.fox@reddit.dne.com,3brtypcy
85423daf-282c-4df1-8253-a4f1bffd4499,xara.fox@reddit.dne.com,g1mz728h
437d878a-a572-4829-995e-6bd7e12d9a3e,yve.fox@reddit.dne.com,tp9p8jw0
c0ab85dd-2a6e-4ed6-94ee-4e402e9cba43,zoe.fox@reddit.dne.com,y6d2oo0m
67d56bdd-c626-4083-a4af-5a57b3fc4043,alex.gray@reddit.dne.com,ga2nmmn4
c34c506a-e200-4ba6-bd1c-9d3f0f21c669,ben.gray@reddit.dne.com,k39fzz1i
9a672c4e-d1c5-4c36-8f74-692918a56a79,cole.gray@reddit.dne.com,u84safx2
24136343-8918-4e41-93c6-97bd5d0f8a3e,dan.gray@reddit.dne.com,u6u392rh
ab8d0cfd-a5d6-4171-add3-9407b7f88d0a,eva.gray@reddit.dne.com,4dmf425o
0c1900c2-ad88-438a-ba7e-ba71c24f6c90,fox.gray@reddit.dne.com,n6wn0hz0
27e1ea15-5f84-4cbb-a576-49553b0a5528,gus.gray@reddit.dne.com,trddznao
062d201d-6f3b-44c2-925f-0496853006af,hal.gray@reddit.dne.com,eeqdeuxz
c193543d-649b-48d3-90be-b501f1fbc893,ivy.gray@reddit.dne.com,68s9hwfg
4a222201-858a-4632-aa47-5843728ba92e,jay.gray@reddit.dne.com,bgod9ah1
1e015d6b-ec8d-4935-ba0e-8c66d708401a,kim.gray@reddit.dne.com,qpl6t17z
0ddc8697-4226-4e4c-a77d-a5cece5d7eb6,leo.gray@reddit.dne.com,lu90vtn6
3bec9fde-ef57-4311-be4d-8595ecf30758,max.gray@reddit.dne.com,nmodmx5w
77e328ed-c620-4f5e-a034-7d6fa03f399a,nia.gray@reddit.dne.com,at857efw
c755d300-faf9-4c6f-9383-66d67a8e3e1e,oak.gray@reddit.dne.com,1s6n8br9
706dc460-4580-46ff-8159-f9086375e87e,pip.gray@reddit.dne.com,wimmq4nr
0c055c70-0748-42fe-88a6-9d24878a5e8e,rex.gray@reddit.dne.com,x7dfb6rl
76cdd253-5ac9-46c7-bf29-bde1bef1ed0e,sam.gray@reddit.dne.com,ajurtc0e
83529b0c-56d6-4dca-a486-9cacf10c82ae,tia.gray@reddit.dne.com,g7s31rsp
028835fe-5683-4de5-821e-d09f439f2a7f,uma.gray@reddit.dne.com,lf65mf46
58aff312-cc6f-4304-9108-2be09bb7a51d,val.gray@reddit.dne.com,8re7q6eb
ad1a6a26-b6d0-4ef9-b736-553b343060e4,wade.gray@reddit.dne.com,edvi78lr
b6bdcf19-5a3b-4522-b879-8b3abeb5e9c8,xara.gray@reddit.dne.com,bxocstn1
de861fe4-b594-4eb7-b540-e7becf13c97d,yve.gray@reddit.dne.com,d94li0jz
8d9a2cae-4ce0-4436-9052-77844ab74241,zoe.gray@reddit.dne.com,kp6n0ln4
b0e45488-65a7-4445-a06f-0e2e9a4ed495,alex.hill@reddit.dne.com,ysvo5c6n
51b0c326-df7a-4d8d-b227-fb6345bea628,ben.hill@reddit.dne.com,rvr6pm7f
a27c1164-e9c7-45a4-9a52-459ce0624618,cole.hill@reddit.dne.com,lrfj4o8w
97abe131-8eb2-46b3-9776-e97a533bb6fb,dan.hill@reddit.dne.com,e3c7b84d
f0d74195-736b-492c-bc32-e8a26e7f1fd9,eva.hill@reddit.dne.com,5rg2okl4
6342e817-e4ec-4f01-b6db-b4b1d7303aa0,fox.hill@reddit.dne.com,8td0rb4e
59787e49-92b2-46a3-90e8-00bc8d2b223e,gus.hill@reddit.dne.com,tjygt2pe
8c4b37c1-0a29-4460-bedd-adb0f0aeef7b,hal.hill@reddit.dne.com,oear5q6j
74800ea2-1f4f-48a5-b115-f07a06fa803b,ivy.hill@reddit.dne.com,82f7lr5i
bc627738-6fc1-4fb1-8fcf-14189b09d124,jay.hill@reddit.dne.com,duu2iws4
74a057ef-2545-4bfd-9c5f-f00325809ded,kim.hill@reddit.dne.com,2rdq9vkv
a1e06027-8d18-4d38-bdd4-6c3b9ce673ff,leo.hill@reddit.dne.com,fbf9hgt0
62591863-a55f-41b9-ae94-4511eed7f6c8,max.hill@reddit.dne.com,6g858qhk
09aaad61-f453-4ae7-8ff7-7458722ab365,nia.hill@reddit.dne.com,595ug8tn
8e2eebe6-e98f-4f7e-bf29-5aeac7413884,oak.hill@reddit.dne.com,4fhij1x0
1904adfa-fc88-484e-b123-71eb12fad524,pip.hill@reddit.dne.com,knsau1bg
0bae5fbe-aef1-408e-a789-b8de99afcc2f,rex.hill@reddit.dne.com,9g17lcyq
14065182-f2fd-4aa8-a56d-1282801600c0,sam.hill@reddit.dne.com,lhq46gu5
6527433c-f710-4fd0-8d44-abee7145158e,tia.hill@reddit.dne.com,9xb53n62
9e4502e0-e05a-4f8c-8012-f14b5020a4b2,uma.hill@reddit.dne.com,6tvhmjoj
c3f621ed-d6ff-4e21-bbe0-c39959a40fe6,val.hill@reddit.dne.com,a907bi1z
72cdede0-bad5-4efe-a01c-e5767b46fcce,wade.hill@reddit.dne.com,sd115iyr
709b816c-da52-4ab8-b420-add939f8db29,xara.hill@reddit.dne.com,lqcq215g
70b03967-7233-446c-865d-4ef1f74dc502,yve.hill@reddit.dne.com,90k7pwuu
6c8459df-9a13-4e73-b304-16af8f1a73ec,zoe.hill@reddit.dne.com,dnewar3z
