117289e9-a1f8-4992-952e-6a1b5adfff0c,alex.ash@amd.dne.com,q13w0pb9
6d296b34-74f0-41cd-8a4a-d380e0bdcc65,ben.ash@amd.dne.com,ojvftagv
6db7a248-1f8a-4dc4-86c5-c85fd244dd82,cole.ash@amd.dne.com,9z84mmbl
877f51d8-3cb2-4d36-8415-7b876a21caf6,dan.ash@amd.dne.com,i6wv5nmn
b65d21da-ad86-4736-8ba4-44fa1f53365a,eva.ash@amd.dne.com,zfpa5ifi
a8c53285-79f5-45ad-912a-04948b944ee2,fox.ash@amd.dne.com,w3op2vjq
ef05ea70-95df-41e1-83c5-43d0dc6a79af,gus.ash@amd.dne.com,jpfmtr03
6091720d-a67a-420e-ae44-3e5ab8b331bd,hal.ash@amd.dne.com,0874xkey
c4624f78-2225-445e-a0e9-dd1e384441a7,ivy.ash@amd.dne.com,yz4vxtji
ded5188a-8e24-475d-ad3b-407eea4d7d8f,jay.ash@amd.dne.com,hx79x6n4
71e2f8ef-75b4-4d5f-bcbf-e22053fffa0b,kim.ash@amd.dne.com,bmmt8eos
9258e6a1-df00-443f-ae50-026f438aeb09,leo.ash@amd.dne.com,0wgb774r
17b85659-834f-4c5b-9d23-8851dd686a38,max.ash@amd.dne.com,mhrm82ha
b90d93e3-7b0b-4c24-9b81-a4bae0696530,nia.ash@amd.dne.com,deri9xyh
8a3856f2-e293-4afd-a587-e4485c97adb4,oak.ash@amd.dne.com,lqhas6bj
00d43458-6622-42ee-9721-bd3c595a6167,pip.ash@amd.dne.com,tufwcm4b
4d8ec62a-1cfe-40a0-852c-0011af2819ae,rex.ash@amd.dne.com,83af3f83
2224481f-be58-4b85-98a3-7050e0b03a0d,sam.ash@amd.dne.com,i8b9lsiz
6f04b896-9854-4e40-bcf3-62015078a79f,tia.ash@amd.dne.com,ud35eb7p
fedd0a1a-e40f-4128-8a26-71c35906fe08,uma.ash@amd.dne.com,utrsc7x2
08b22de7-7fcc-4ba0-93e6-06012d5dc85c,val.ash@amd.dne.com,m1amq37h
229b33c2-654c-4185-a6c8-9eb8c75d96c5,wade.ash@amd.dne.com,uxzvid89
845b6da3-0cc9-44a6-af6c-4330d6d65161,xara.ash@amd.dne.com,ksf292ik
d1760472-c7c0-4f76-bf07-91d13cfb5716,yve.ash@amd.dne.com,ho6sq209
4440a4d8-a93b-4759-a109-bd3b17976506,zoe.ash@amd.dne.com,g09oahdw
7d886179-5c51-43b5-b3e7-7e7be3aa80f5,alex.bell@amd.dne.com,esge6c4v
b512a719-4691-454c-a3bd-69e870d92392,ben.bell@amd.dne.com,xd86oq6k
54560268-7f50-4695-85ae-87f4b6fb3391,cole.bell@amd.dne.com,xj6ho13n
0d8af1a1-4e35-48d3-aa19-80f0ae47fd95,dan.bell@amd.dne.com,oc6r5k3n
662671e2-6130-49b1-9c28-67c6402d3f8f,eva.bell@amd.dne.com,qfeir68f
5158dff6-e445-429d-a66f-fc4768d03ce3,fox.bell@amd.dne.com,cozw7ar3
64f3fc3b-e840-4a3e-ba6e-d902bc9906d4,gus.bell@amd.dne.com,nvm0vne7
6aa9130e-0e2a-4c09-b3e0-85a50eaaf1ba,hal.bell@amd.dne.com,bphiv4bi
828e6f8f-92dd-4320-a4fc-f221eedf0c0c,ivy.bell@amd.dne.com,wd7o2c51
5fd983a3-39cc-4b25-9cd7-f891fc77efe8,jay.bell@amd.dne.com,qr8tsar3
09bbbcfe-db98-4aa0-93e8-59f154892720,kim.bell@amd.dne.com,yp15o11r
c7231376-f489-42fd-a54f-0ec11600087a,leo.bell@amd.dne.com,1mo8lmtr
7c3831fb-b0c4-4faa-b49d-fa08ed1f728b,max.bell@amd.dne.com,kcxbsuo2
68063b1f-9834-49b5-92f8-f237d76c77cb,nia.bell@amd.dne.com,oi4mat2l
af0d1254-6d20-4742-b8d0-2ec2b0470014,oak.bell@amd.dne.com,ttdx8dz9
ecc8782f-344d-4eab-897a-1bbf54c9e064,pip.bell@amd.dne.com,8mvltybr
49b11a67-c454-4648-a86d-996aed84eacb,rex.bell@amd.dne.com,7xuamc7s
1b91e43e-0c51-4e3f-86d4-812cac6c8c91,sam.bell@amd.dne.com,qhdoiggb
85f706a7-4a7d-4a59-8ed4-48daed51bd68,tia.bell@amd.dne.com,3tw7ut4n
cc3794cf-fe77-47be-bb38-407f75d435c3,uma.bell@amd.dne.com,g8flovr1
27e081a8-d2cd-471a-aa5f-ef880fc6ffcd,val.bell@amd.dne.com,18wba7o0
a6cb361e-9f49-4e24-aea6-34303dc9ba98,wade.bell@amd.dne.com,o182bdjp
b421bcca-2150-42a9-a2fd-e544ff2506cb,xara.bell@amd.dne.com,21fetfxe
c24e95b6-b8dd-432d-96a2-9ca15520ccfb,yve.bell@amd.dne.com,uq1jaax3
48a0ac39-8ea6-4da3-ba02-138c97dba19c,zoe.bell@amd.dne.com,er21b301
eaadfa42-cbba-4aac-b078-a4338fe529d2,alex.cox@amd.dne.com,pkaz5q7i
1a839d72-6637-4df0-9ec9-b66c21c2527f,ben.cox@amd.dne.com,bwnsrbax
32fed365-a7c7-4f0a-b060-a6e944eb51ca,cole.cox@amd.dne.com,exsm6kch
08c73cce-eb6c-42d4-a57c-a176dfbd76fc,dan.cox@amd.dne.com,r4r3y0xb
2dc0bb3d-3c95-41f7-9c5f-5871e8952dba,eva.cox@amd.dne.com,v2mt3wbk
5eb0468b-4455-4576-b2b7-f3826dc59ff4,fox.cox@amd.dne.com,69qybqzo
200e02f5-4288-4566-8b65-6f96eac4c3e4,gus.cox@amd.dne.com,idscbeb8
fac3576a-f1ae-4bec-bc9c-d6809612ac34,hal.cox@amd.dne.com,ghubc1ou
e8e7ad64-6db5-4dbe-b5c0-effb81ee6b54,ivy.cox@amd.dne.com,ukdsotfj
6c7f5e11-c15b-4f98-9468-2fc081f176c1,jay.cox@amd.dne.com,dei3cp02
49e48276-436a-4f6c-8a37-3bf0c5a1149a,kim.cox@amd.dne.com,fphfwkcc
c986b85a-6f5f-46af-a006-38f64f9403a3,leo.cox@amd.dne.com,2ecwcpp4
c9ac4495-e6e5-4a10-b969-ad742687981f,max.cox@amd.dne.com,skt95wl5
1c979e7c-e803-4953-ae66-6c7905835ed0,nia.cox@amd.dne.com,bk8whtnn
3646e8ab-07fb-4db0-92f3-8ebf647ed378,oak.cox@amd.dne.com,kjin1icv
334625b2-b178-4074-8164-db24e3ecf1a1,pip.cox@amd.dne.com,pung7poe
0828e619-4340-4f6a-871e-99732c7e3f31,rex.cox@amd.dne.com,tyyrwih4
c4a206c7-4ee3-4908-988c-49307d096cb9,sam.cox@amd.dne.com,i7g7xk61
512f6246-5103-4d13-845e-b43a8df3facd,tia.cox@amd.dne.com,za2uygfl
d5ba36fe-8aef-4ac7-80f9-7759849ae668,uma.cox@amd.dne.com,79aboq02
490e6417-6032-4d5f-a6e3-908446e8c571,val.cox@amd.dne.com,cmk5bc9q
73141835-e010-4003-8bde-2cad62023db0,wade.cox@amd.dne.com,p50xpbsc
ebe43c0e-9162-404e-b214-efff994f9adc,xara.cox@amd.dne.com,58lyr6y2
342f8ec1-8384-44c2-9803-4b94daee3f96,yve.cox@amd.dne.com,2d7glhcg
f1bf8ed7-aa70-4e64-b4cb-6d447f3a19fb,zoe.cox@amd.dne.com,imnwd2ho
f52aaff6-85aa-471f-8ebc-9416f2ca98af,alex.day@amd.dne.com,a4mvxnwq
48d99167-4bd4-4391-8011-8f468d09556e,ben.day@amd.dne.com,c1pgipfb
d6393772-b077-4017-8664-ab0f374a2630,cole.day@amd.dne.com,ie9ympbs
2cbfac52-82ce-40be-a83e-9db3d8541549,dan.day@amd.dne.com,g0ttruri
8e6d5bab-02bb-4fd6-9247-4d7f8839077d,eva.day@amd.dne.com,3i9dtllg
28be8285-60c1-4a18-95ef-90cd6b6d0367,fox.day@amd.dne.com,bfumb610
c562d951-7937-409a-a39c-6acf397db978,gus.day@amd.dne.com,28h4f06i
03a78266-df75-43a7-93ea-ed099f81b937,hal.day@amd.dne.com,1owinegq
a586b69b-cef1-4d79-a5d7-f2fc2d0f624e,ivy.day@amd.dne.com,t88puuq4
b3090cf0-4a35-4baf-92a0-8c04efe9772f,jay.day@amd.dne.com,3vjka3zv
717bef56-8122-4fea-8936-514bea0662c5,kim.day@amd.dne.com,qvvucvbw
45e13705-d100-465a-b10a-a4fa89c8872c,leo.day@amd.dne.com,ta4x1qri
49ca4e9e-368d-40f4-b90d-8024143480cb,max.day@amd.dne.com,f3lubk2b
f15820a4-b8c5-4492-8555-af11aac11ef5,nia.day@amd.dne.com,dfgknglo
823f0550-d4a7-4e5c-a50d-526becc415fc,oak.day@amd.dne.com,ko2tfluj
921f6af9-8b55-44c3-a7ce-c858d3b05cbb,pip.day@amd.dne.com,t1zd10yp
e9c500d2-5b15-4af5-b556-4cf7d132fcce,rex.day@amd.dne.com,v9es6vso
e14c6450-036c-4710-b95a-8be51d532c22,sam.day@amd.dne.com,romwfzxp
00dc876e-c80a-4bbd-be9b-174e3e0b9e56,tia.day@amd.dne.com,3h9t8ct5
71210299-8f57-4edc-9ffc-46d138ea4a26,uma.day@amd.dne.com,89dnwbrg
95ac8282-8ba8-41a8-91be-09e7d23119ab,val.day@amd.dne.com,eb6jcxiy
58294c80-75bf-4e52-8f40-1a2927a587d2,wade.day@amd.dne.com,6aruteqe
8fec7358-7e5f-4e58-982a-52a7d3e1b546,xara.day@amd.dne.com,xmx01fzh
039be7c3-7510-4349-962e-83b099c3495f,yve.day@amd.dne.com,9wn0vzk5
36dfa809-8af3-485e-a4a1-ad19acca3055,zoe.day@amd.dne.com,csz5nzbb
5a94be2c-7d2e-4b53-9d44-6b53dc832bf8,alex.ely@amd.dne.com,3nr4ove3
d5514fb4-3d38-4651-9a6a-804a30aff1bc,ben.ely@amd.dne.com,0ahizoqu
6e8ff678-6850-42fb-a372-517560c554cb,cole.ely@amd.dne.com,c9b6uu6m
b9d956aa-ec13-4625-b280-b97ce25e2052,dan.ely@amd.dne.com,3jv8iaz0
44254e4f-9430-453c-83bf-d018947df1f2,eva.ely@amd.dne.com,0ig5nsac
c59ce9ac-6efd-4d3b-8629-d1da0efb9ad3,fox.ely@amd.dne.com,ohwerrkf
80adab30-ad6d-4fca-9007-880fd2cdb1a8,gus.ely@amd.dne.com,bkroqkh6
2d3e3e18-b962-43ae-856f-61a547f7e0b3,hal.ely@amd.dne.com,xjz3xhgx
7ffced86-d256-444c-8cc9-b86e3c5af5e6,ivy.ely@amd.dne.com,chga8fcc
8ac6f18c-61c6-416c-bb12-f59a06ea58ec,jay.ely@amd.dne.com,ed7sub4d
e039f031-bfd6-4eb5-bb8a-33208ea1f509,kim.ely@amd.dne.com,svqd0c9s
53d19b04-fafa-4a4a-afb5-b164ef8e3cce,leo.ely@amd.dne.com,85527veh
1dd1166c-1bd8-43ff-b8de-369ee73ab529,max.ely@amd.dne.com,ws5c72fp
9e4551db-39cb-4065-8e31-7c1d9f834752,nia.ely@amd.dne.com,3cwo8it3
5408fdec-afcd-478a-bece-152136c8e4be,oak.ely@amd.dne.com,4l1ujrb4
ad0a712a-765d-424a-a75b-fb78f86c5dc9,pip.ely@amd.dne.com,slay23uw
6f24957e-207f-459f-9a63-1db41db97818,rex.ely@amd.dne.com,yy9teq2t
a9726848-0d32-441f-813a-63dd05af712c,sam.ely@amd.dne.com,jw63nr71
0b2c83eb-f302-4cec-a372-f9e4ea212d93,tia.ely@amd.dne.com,gi70a61l
115256f4-f0c6-4bdc-a64b-9f3bc4fb868e,uma.ely@amd.dne.com,x17secxu
ff2af05a-cca7-4a1e-bc77-ea1d49fed29f,val.ely@amd.dne.com,3jr0q2wk
cd865149-b8a0-4708-b60e-c8d67895ebd6,wade.ely@amd.dne.com,k4j86gve
a851a3bd-ca8f-4b49-8459-be6eb0cf5f3e,xara.ely@amd.dne.com,dltrqi2e
db660d1d-e13d-44f9-b374-4e1262d7bea2,yve.ely@amd.dne.com,qfatoyyj
7cbf3a38-3170-4516-ab56-c9f1074af54e,zoe.ely@amd.dne.com,zr6byuil
5cbae208-ce14-4af5-9362-b79a6c7ee0ac,alex.fox@amd.dne.com,6nxdrfdl
fbee6b3d-1308-40a9-90d5-38874584fbf3,ben.fox@amd.dne.com,tgn6mham
0cd1de45-7bd5-4278-8b46-89db76a970fc,cole.fox@amd.dne.com,72a2kzdc
206c2f53-0365-43f4-88c0-755b0fee2ec3,dan.fox@amd.dne.com,853qygtc
2894114a-a484-4c87-a0e7-0be7bf059115,eva.fox@amd.dne.com,1qb5s7n3
5116e2c6-8c34-42f5-aff3-94c03015bffc,fox.fox@amd.dne.com,wz1rucm9
dff32197-40da-4362-986c-d4e86db40d5a,gus.fox@amd.dne.com,771e7872
32dde3c5-3f79-4bef-af6f-b200534ed387,hal.fox@amd.dne.com,yrx6f52y
f8f621a4-dc79-4211-abcd-bfc7285e3a52,ivy.fox@amd.dne.com,wg8qkmt8
483d83e4-982a-44fd-b872-deaf8d850495,jay.fox@amd.dne.com,hgb6v48h
9ff6faf7-c340-4ff4-b953-7019fe3d8fe7,kim.fox@amd.dne.com,eu0akahk
e3b1c5bb-e16f-4324-9542-a07aca860991,leo.fox@amd.dne.com,5rjhap2h
3f2f307c-59ca-4395-b7a6-40cfeba8294b,max.fox@amd.dne.com,xyqx0lrj
782ff8e2-6b95-4a29-ab5f-84eebf04a45c,nia.fox@amd.dne.com,oquj1m28
4822729d-c832-4c5f-96f0-4a0944ba6aee,oak.fox@amd.dne.com,v4g3xtbq
7983a870-3725-447f-b31f-d339971feca8,pip.fox@amd.dne.com,u5mh5xi5
8a645e9e-8228-4088-b534-cd5dff025987,rex.fox@amd.dne.com,pnugczx0
2db26b76-39d0-45d9-80ba-90b132038149,sam.fox@amd.dne.com,vfwid9cl
571aa5d1-a273-4a55-9d1c-bb994ddffd28,tia.fox@amd.dne.com,z0d43ral
733ec5f1-9041-464a-9bd6-9d247975dace,uma.fox@amd.dne.com,z7hjmjgf
45baf019-36bb-4479-8b09-0021f2c7759e,val.fox@amd.dne.com,wgpyhetg
81a7e2a9-6af8-4a8a-b4db-be3251d1c033,wade.fox@amd.dne.com,n63l500s
604801da-e7a9-463f-b44f-7613d8e6b767,xara.fox@amd.dne.com,2qgscaug
eae1e47a-cb87-4be2-9099-d2a59addbb63,yve.fox@amd.dne.com,4evi1y4f
9679e1a2-e535-450a-84a9-afbcd2ac571b,zoe.fox@amd.dne.com,nu9ekij5
7d2ea449-a6da-436c-89de-eb4045d26823,alex.gray@amd.dne.com,ec0qnc46
8c2cc880-9236-43ce-87e6-9c6fb33b688c,ben.gray@amd.dne.com,6s6swqkm
b8461676-1eae-4e9a-be1e-05ec11f94f3f,cole.gray@amd.dne.com,il2xs0vn
50a6afb3-c0a3-42aa-9c31-100153e5b81f,dan.gray@amd.dne.com,5mxvk77u
66d4fcbc-a484-4e2a-bb92-191cfb34426a,eva.gray@amd.dne.com,6inzm03g
3600ad05-7979-4af9-b898-204427d296b7,fox.gray@amd.dne.com,gahzxktf
6f746eab-e111-4fa9-8210-ec4289e98a94,gus.gray@amd.dne.com,o0bpgtqf
2da5f315-82f4-40f2-b30d-7af0115c1620,hal.gray@amd.dne.com,trlbk7la
73fe9104-1a4d-4bdd-ae98-a889e41574d2,ivy.gray@amd.dne.com,wi18ulvf
c2290d63-33e7-43ad-aa27-0e2b59d93b16,jay.gray@amd.dne.com,q38rw1s4
dcac5c12-e8c9-47c3-ac25-6760acdaadfe,kim.gray@amd.dne.com,0kdptibi
38b10754-765e-4f3b-9bce-e4587e03c2b9,leo.gray@amd.dne.com,bd4cxwqq
b79c9ae5-5288-4d8f-9969-7caec594eda7,max.gray@amd.dne.com,9ks9hhjs
cea5676a-4779-4053-90e0-ecfce2c89673,nia.gray@amd.dne.com,qj2hdl22
96e3f9b9-cd82-437c-9259-99b81464e522,oak.gray@amd.dne.com,m04glikt
8931e396-37d7-4b05-861f-c9a87fc7b324,pip.gray@amd.dne.com,prnbzn4t
5a693cb8-ae66-4739-921b-2d7375373e51,rex.gray@amd.dne.com,it9tq5gt
bcbc4765-eee4-4a6d-a02d-cb822ada3b8c,sam.gray@amd.dne.com,vj671yqi
e8e6c5e9-01c6-4d99-a424-afb75960f54a,tia.gray@amd.dne.com,j9a3ic5i
42ee9ac7-ec0d-43fe-b543-2fe6b82efbcc,uma.gray@amd.dne.com,sgkx89au
c9b14ba2-2347-464c-9604-de7e3dd49d89,val.gray@amd.dne.com,woaqzlmi
64ac2b60-3573-47d3-bf4c-d1c596b5b8a8,wade.gray@amd.dne.com,ptxcj8sg
ce27839b-e5ba-4703-81ca-7d6a151742b5,xara.gray@amd.dne.com,i3cgda3h
777213e7-1795-4678-9893-b39fcce0216c,yve.gray@amd.dne.com,nxdexdgw
80741b3b-4d2e-4ef1-8126-0474f27bddfd,zoe.gray@amd.dne.com,t9r4jujy
a9e600f5-c2c4-4c3e-af06-b369c1013dc1,alex.hill@amd.dne.com,z7813s3i
63547d00-a263-4ce8-89a3-ada691861383,ben.hill@amd.dne.com,n3t3ikh5
48aaa3a4-ed50-4d9a-89b0-b8c62eb7911c,cole.hill@amd.dne.com,mz5sw4he
d89c6cdd-ea2a-40c0-b360-ed4279fb152b,dan.hill@amd.dne.com,ccyka1uq
2e866929-cb3a-473c-9192-118bf78db3ae,eva.hill@amd.dne.com,omjh6tg3
f690fb7a-8835-43b9-9060-15143f97eac8,fox.hill@amd.dne.com,ezudmzeb
3172efae-fa0b-4c6b-8f85-ae68d8eb0e9d,gus.hill@amd.dne.com,o7e33pfr
b23eeedb-ba28-42bd-bfc8-ab5220a3ffdb,hal.hill@amd.dne.com,76a8yyq6
69c49f87-fc36-4f9e-a24d-0e7077c03889,ivy.hill@amd.dne.com,rggcpxwe
b89b2c5b-9528-43b8-b1d6-60f0120a8211,jay.hill@amd.dne.com,lr1k907e
e7ac8ab6-798b-4c06-887a-7e55f92172bd,kim.hill@amd.dne.com,ovdkrycg
e9c86eba-1193-426c-8ad4-2d616a917705,leo.hill@amd.dne.com,b7r379p8
cfbb4fb7-d5c4-4c19-b101-4fbdb0e0da38,max.hill@amd.dne.com,c87dnhw6
359a0fd3-5363-4228-b0e1-c69f4c330353,nia.hill@amd.dne.com,51sbz02j
7fc7fc9c-763e-4a9f-8833-0dfaebb9d775,oak.hill@amd.dne.com,5tthvohp
339c474c-e89d-4214-9120-3b85137f1831,pip.hill@amd.dne.com,atypqmeu
4a9e2e23-167e-47b9-96b2-84ad7c678133,rex.hill@amd.dne.com,4twbvszr
efa50c5a-17c7-43e4-ab2e-74bb9cdc8c30,sam.hill@amd.dne.com,84f2qbgc
ec725cc2-f390-45f1-820a-e75f25e04849,tia.hill@amd.dne.com,o4fs7qcz
9c361e00-08d5-4ab6-bfb2-a22b33297608,uma.hill@amd.dne.com,ectahgos
15b07423-dbd2-4300-b574-643cb9026a53,val.hill@amd.dne.com,lr957srv
2f072e22-d208-45f2-abcc-ef7eb172b6ee,wade.hill@amd.dne.com,hfqh6qqy
e1c91146-78c6-4548-9cac-362f6703068d,xara.hill@amd.dne.com,s4q99ang
b1635b46-622d-45ec-b54c-7218fd5e655e,yve.hill@amd.dne.com,ph37lfkz
293d2b65-1333-4949-a8c3-38fee32d1f63,zoe.hill@amd.dne.com,q63rcwdv
