205515f1-16ad-4ce0-9b66-533e629eaa69,alex.ash@google.dne.com,pl5v9w1m
34c534b4-3ae1-4783-a340-05fcb2018e5b,ben.ash@google.dne.com,jur02qxa
53733f11-2957-49eb-841d-63268739318b,cole.ash@google.dne.com,woqlx9ku
a03f0a8a-3945-4ce2-9189-23f78c0363b7,dan.ash@google.dne.com,0v0o1lfq
67863b3e-3c07-4c39-a791-ae62a5d4edb9,eva.ash@google.dne.com,nxds6ylh
5e572742-c305-4d56-a4c3-b485bae3719f,fox.ash@google.dne.com,w0fxsama
36624c1d-3c15-425b-980e-f0610c1e5554,gus.ash@google.dne.com,7z9s06kq
edb2b07c-c540-45c6-8d77-3d5065f366d7,hal.ash@google.dne.com,bne94obx
9d7c6b59-6e89-44ac-a6d5-102e32b46139,ivy.ash@google.dne.com,bvop2q06
0906c6bb-f664-44e2-a73d-2f8c5171e34f,jay.ash@google.dne.com,bsp3yhqg
40893b81-14e7-4755-92d4-c410c617d946,kim.ash@google.dne.com,2dmj6ifj
b4ed8f12-c856-46c4-ac5d-309ab86c7cb6,leo.ash@google.dne.com,ulaxpk5b
40bebce2-769c-4579-8655-0c6c128c218d,max.ash@google.dne.com,sqf052iq
00f90e6b-1dca-4964-a638-4f42b1f1b356,nia.ash@google.dne.com,cxgmkcmo
cf66abb9-eb67-4cc4-bc0a-4def6199d6b1,oak.ash@google.dne.com,vf0f7ui3
2f4b5425-e9bb-4855-bda2-1e36a28106f9,pip.ash@google.dne.com,tz1a7e5j
d239d126-b90f-4197-a8b7-f081a24f4f43,rex.ash@google.dne.com,6vjgydg6
30f6c750-5952-4058-89ce-856ffa3a71ea,sam.ash@google.dne.com,ayh3y70i
ece3e206-0138-4b1d-a747-62c65b791165,tia.ash@google.dne.com,jenyrm0a
e9e1b547-4506-4a40-8773-6c032088cb38,uma.ash@google.dne.com,emnf6s2c
535b8ebe-ceec-4abf-b38d-cf8fda984165,val.ash@google.dne.com,a0mv5nlk
90028215-7b7b-496c-b6a2-5c86ee31cea9,wade.ash@google.dne.com,s26bspz0
17ff5e6d-4bc6-420e-9fa2-f94510ab4d46,xara.ash@google.dne.com,5m0fbbkk
668d0aa5-236f-4670-919c-1c707c576ede,yve.ash@google.dne.com,q52hzgpy
bd08a0fd-c612-44ca-9452-b153c280453f,zoe.ash@google.dne.com,sobkuxn8
19843e6f-4b1f-4925-ac1d-15873b348d2b,alex.bell@google.dne.com,omz4vuui
dd55406d-ba05-4e5c-a4ac-0fe5980222c6,ben.bell@google.dne.com,21vf59jc
a37eeec8-9331-49b2-a18e-3f073b08caa7,cole.bell@google.dne.com,j2wga7v1
6d205362-26ab-45fc-98be-639faa0d0ad2,dan.bell@google.dne.com,49a069zo
a55f1a6e-bda3-4f9a-a674-7cb79b98ff4c,eva.bell@google.dne.com,321qcwxz
e9f923fa-b7e9-411f-b8fb-72445dc8e6c7,fox.bell@google.dne.com,856furlm
dc585709-8a70-4fc5-9cb6-1752a1a2cc0e,gus.bell@google.dne.com,2odwef27
9cfcf391-6f67-4cc8-9d73-a1a325769015,hal.bell@google.dne.com,wmmdowfk
71c72b0f-6f91-459e-a647-248ba2625101,ivy.bell@google.dne.com,kei0nvzm
75722971-e920-4a21-80fb-cb51dbb4be69,jay.bell@google.dne.com,1gotw5w7
969450d5-b9eb-4e80-ac4f-b65cdf2bdeb8,kim.bell@google.dne.com,ngsnsl4t
5ee00a77-241d-4189-adb3-7b33b2962391,leo.bell@google.dne.com,tt9l3eyx
2eebac45-54d5-418e-9240-6dfc82f60e80,max.bell@google.dne.com,s8qac2mv
c89480a8-7193-49c7-89bc-29342def589a,nia.bell@google.dne.com,lqame77v
44a11f22-c522-4e01-8a35-ca2985a568a1,oak.bell@google.dne.com,7l69ddpn
92a16dbc-f901-4047-8dd1-89b52b0497fb,pip.bell@google.dne.com,1ylufdc6
7320b348-a20a-4aaa-a31d-6ced23b6b1c2,rex.bell@google.dne.com,woomngmi
db258bda-14b1-431a-9d37-f1e34dddb475,sam.bell@google.dne.com,dlhrtxcl
cab54775-3376-4d7d-8dd8-29e8cfc5c039,tia.bell@google.dne.com,hwq36w5v
4d071075-4b80-4dbf-af90-436fe50a17f9,uma.bell@google.dne.com,0l1j8ihs
ea0747ad-4a3e-4496-94b3-1257f1dfded5,val.bell@google.dne.com,3apd4rwq
680d5b52-b855-405c-8813-d4f348c1e8ec,wade.bell@google.dne.com,lugdibfq
56e79bb4-3dc2-40f0-9130-daac6bd21ea8,xara.bell@google.dne.com,y5a29epx
02397656-29ba-4177-9032-6ab150c4c572,yve.bell@google.dne.com,8b3b4t1h
b48417a3-976f-48ab-ab60-7e8086d6d653,zoe.bell@google.dne.com,l58x5lgq
0adef18a-954d-471c-bafa-1b943858c362,alex.cox@google.dne.com,xpqfx9gt
b25da80f-95c5-4c2f-9ca1-7bea89d7617a,ben.cox@google.dne.com,4iwh4sjy
61b8c3f7-3c48-41ce-b644-09c930338b92,cole.cox@google.dne.com,3s3hcxvs
2d9c3062-da6e-4bdd-814c-baed1a69b632,dan.cox@google.dne.com,s5ocxhxp
0356fab6-1b05-4e79-8712-32ff29db89e6,eva.cox@google.dne.com,we2ldag6
f3615c08-4bcb-4aa2-86a0-ab196e457acf,fox.cox@google.dne.com,bt65mqps
699942cf-4718-48bc-b63a-ceb2339f8199,gus.cox@google.dne.com,a1oeleuv
e2c3fdf1-319e-4e64-8483-76d0a19132f8,hal.cox@google.dne.com,946q3wav
d0015624-abc3-4195-93f5-68d71fbbc8c4,ivy.cox@google.dne.com,jdlzgh0c
e09e2d5f-f57f-43b8-9aed-37ea8dcdbf75,jay.cox@google.dne.com,3d219cfd
c4292bc9-50e7-4113-bdb6-a6afd5580f04,kim.cox@google.dne.com,7jdvtdp3
e9df970d-93e7-4166-952b-33af6a4f3f0d,leo.cox@google.dne.com,q3gx7y4n
66dd61a9-0aaa-4325-8dc3-31491e56428c,max.cox@google.dne.com,6s4rhbop
db673ce3-512a-4c37-a8af-f047088d4142,nia.cox@google.dne.com,est6ol80
4d0b5bb6-73a4-4edf-8927-d02dcc1cbd05,oak.cox@google.dne.com,ul3sn6kg
40a792f4-36bf-42db-8a5d-714845767e7d,pip.cox@google.dne.com,seaqbwsa
d3d11307-bda0-4bc8-9b3f-9bb0af23c1e2,rex.cox@google.dne.com,o5sytq0d
1f6c9865-7a68-4a4d-82bc-bbd4bab63e3c,sam.cox@google.dne.com,3e2mivl8
0e642ef7-76d6-4ddc-9dfe-3e28ff911a98,tia.cox@google.dne.com,quedineh
06812480-019f-448c-8b98-5aa4aa615051,uma.cox@google.dne.com,nkcgw6wg
c8d0d1e8-c1d2-4c69-8239-2cc6499f84d0,val.cox@google.dne.com,t77h4r4c
055d4b9e-955c-4eaa-ad3f-dd0cea498e3c,wade.cox@google.dne.com,nwtx39s1
f0f0891c-70ad-4f10-a957-a86da5671a15,xara.cox@google.dne.com,86npmydf
5ded7c41-2cbc-448e-8eef-9cc199c246a5,yve.cox@google.dne.com,4quq17bk
dfabffe6-d8a8-44d9-a7e5-d9da6e44419b,zoe.cox@google.dne.com,x23tnvj5
05411fa7-02d7-43ae-a1c9-4dbaecc567c7,alex.day@google.dne.com,ede6uvyx
9bc764cf-e4af-4007-8c2d-de1bf17d7957,ben.day@google.dne.com,j2e85w22
a322a5e7-315d-4f1c-984a-87df1e177bae,cole.day@google.dne.com,tv37xr5l
07da2d11-2625-4a1f-8b57-cc54f7afc799,dan.day@google.dne.com,r1grjmsu
0a4c1e26-b619-4fe0-987c-af8324f12e9c,eva.day@google.dne.com,xy2awkn0
4c97fb45-2f08-4ef3-86bb-3fdf2724eac8,fox.day@google.dne.com,y32lq607
a86fffca-6f78-49e2-b8c8-e383f1700c5a,gus.day@google.dne.com,cjp3u2n6
3f44a29e-20cb-4bb5-9181-236443ad2284,hal.day@google.dne.com,h9xr7kuk
7457f68b-eb68-4237-993c-4b4a5f2b60c7,ivy.day@google.dne.com,92qsuzrb
8c488a51-20cf-4e04-93b5-7c068475dc19,jay.day@google.dne.com,u72pf8aq
513dd473-c9d6-41bc-b845-ccc3cd609270,kim.day@google.dne.com,t8fs20ue
99203a84-cf73-4044-b705-253f779439a5,leo.day@google.dne.com,ctukszhf
9381e7f9-c4d0-47a5-96c5-3f67f8148df1,max.day@google.dne.com,7gfzy72g
c1150dd0-b6b5-49f0-bf5a-668c240cde12,nia.day@google.dne.com,vn0t9e41
a4041d10-1e76-4a6c-b0df-3f51b8ce3dca,oak.day@google.dne.com,rnuzacgh
93fc3640-c1e2-4d72-88cf-f0a2de2c9aff,pip.day@google.dne.com,5hgsfjo2
12cf3920-7b4b-4c44-8bdc-0d0ca1d344c9,rex.day@google.dne.com,9uyv5zfl
34b14673-5806-48b6-811b-9d93ba1f437d,sam.day@google.dne.com,x01x0ywv
9d807991-2caf-451d-9385-12056cc9c0d7,tia.day@google.dne.com,gf9blgzh
980be3d5-2217-4840-8f4a-7c9a3d95fc39,uma.day@google.dne.com,ubcroo2x
6070632d-82b0-4e22-8475-a76ffe0a8424,val.day@google.dne.com,qrik5cka
0b4eb4dd-69db-45bf-a4c2-24c1362f2b8a,wade.day@google.dne.com,29li0ai3
079a8138-5100-4433-844e-63c108de123b,xara.day@google.dne.com,acncf6df
57429e6e-99d9-4e3c-b7ce-4fed84e78c3d,yve.day@google.dne.com,vhcblekf
55a4d99d-a7a0-4f31-80c1-6d93611e26a0,zoe.day@google.dne.com,0o7v0mjn
50adedd9-7873-49b2-852b-26de8981894b,alex.ely@google.dne.com,02r26t1n
f6da4957-6c1d-4800-be23-82cfd47bf45d,ben.ely@google.dne.com,80fgvttv
b0052b06-f190-48c8-b552-ec8b3785c543,cole.ely@google.dne.com,4384o368
c991cb76-8a07-4be3-ba82-96c60768efa8,dan.ely@google.dne.com,5xqi5ok7
d3150107-5e4a-4911-8d53-35c92a04e263,eva.ely@google.dne.com,3ms0q98t
faba76ad-c757-48b3-9499-63e02d1bbabb,fox.ely@google.dne.com,vdm2msoj
24f7a905-41c0-411d-8c3c-6dd98b309f25,gus.ely@google.dne.com,td9tx0t5
e578222c-4d7f-4201-b8c9-57ba27225924,hal.ely@google.dne.com,pvoqks6e
85a9b291-3e4c-4d55-a19d-61f2fe9e8fab,ivy.ely@google.dne.com,e18asbva
ae85b6eb-67b3-479a-8572-6d9164a20d2f,jay.ely@google.dne.com,ixvwtyjb
3879dff0-65c7-46ce-9d9d-e60fcb730286,kim.ely@google.dne.com,f8a0ra5u
2c7315e4-c562-45aa-87d2-82025a1f4778,leo.ely@google.dne.com,tskyvlzj
1992891f-6d85-4de4-8ce0-5afdf3ce2640,max.ely@google.dne.com,a2n4bp77
5080c6f9-90be-40c6-ba5d-7afdff102cf4,nia.ely@google.dne.com,ftkppdif
82467f6d-d185-47c7-a8b4-caa3ea0b4eb9,oak.ely@google.dne.com,1tn18yb9
d8c0ec29-e347-4c9c-bd2d-68835cd90bd6,pip.ely@google.dne.com,7sg3dolg
33080d7a-506a-45c4-a435-94a33a1a3f87,rex.ely@google.dne.com,myja4fms
c1a7c48e-91ea-48da-b086-f140849b482d,sam.ely@google.dne.com,p75695z3
125479f5-c871-44a1-9c07-6628d939c049,tia.ely@google.dne.com,aj38n4ao
9d674e1a-2d53-4042-960d-3e087a90990e,uma.ely@google.dne.com,acnzravu
cfb4dd11-ccfd-4dd7-8b80-d5c81686162e,val.ely@google.dne.com,1i9sitzt
f6f78cac-f319-41e5-845f-4dbbeba46e2e,wade.ely@google.dne.com,mond1rag
f18c6289-fc05-4a92-b79d-a3deac30e965,xara.ely@google.dne.com,1iyj786m
bb8d0b30-3b29-41a2-9936-d45ce6545a34,yve.ely@google.dne.com,x070lo1c
6dec7258-7a6b-4dc8-930c-71a9d98cf4ec,zoe.ely@google.dne.com,sqngqc34
8fa7b7ef-91ee-4f21-b86b-eba29726d70d,alex.fox@google.dne.com,tz3w0ss9
004839d9-5f00-4be4-86a0-3fa527b53a98,ben.fox@google.dne.com,dbpkja0r
94f6ac25-a1ad-4d24-80e0-a4582de5aabf,cole.fox@google.dne.com,2hh2k2ed
313c6e04-5e9b-4463-a328-7819629d131f,dan.fox@google.dne.com,antmr0ga
cab7dddd-701c-4fd4-9401-08c674f649c1,eva.fox@google.dne.com,vmbvt9qo
1ca49ca4-ef8a-41c8-a224-656a2160c793,fox.fox@google.dne.com,dsfheqns
82f6d7b7-0568-4def-b1c4-c20b28437625,gus.fox@google.dne.com,5cyczgsz
979fec5b-ba95-4e85-9976-4378c809b942,hal.fox@google.dne.com,63nn2udc
e77c888f-15ac-48e0-977d-4be3d622c93a,ivy.fox@google.dne.com,mn6wc87g
26e5b109-fd96-49ba-a515-dba075932523,jay.fox@google.dne.com,m2n9c0rs
0d6ab0c9-7e49-4e88-b862-e11beeb5589f,kim.fox@google.dne.com,xzfok27o
61567513-2cbd-493a-9b0c-26c05279cb20,leo.fox@google.dne.com,dlm2cquq
145383ea-94a8-4cc4-84b6-3857184830fc,max.fox@google.dne.com,h9h72gin
2ad93bde-2598-4f20-b278-0bb28b55a46c,nia.fox@google.dne.com,1w2rmmex
8a16762c-b28c-4be8-9574-ed9a3dd3f1b7,oak.fox@google.dne.com,98sm175d
16535901-9daf-48d6-b52a-92db4921ae1b,pip.fox@google.dne.com,whyijq3c
8fa6bf5a-8e48-44a4-92d3-f29026cb6c55,rex.fox@google.dne.com,b0u0cyz4
875435ed-ddde-4a9e-8a3a-d0cdf0eab67f,sam.fox@google.dne.com,usftoxhh
6f56bf46-168b-4ef6-9bbe-4214984aaaf9,tia.fox@google.dne.com,zmkaan3v
355e8c22-b9fd-41c7-aa65-8c877ac89fc2,uma.fox@google.dne.com,7mpvdw40
52d6be8c-45b3-4695-bfa6-9c50cd166f14,val.fox@google.dne.com,lov0jpeh
3ccff77d-f2a9-4b0c-a7bb-1de9140f5f8a,wade.fox@google.dne.com,hmnxpqys
f3e9dbc5-598f-4a67-9dca-cbad1e6b0d65,xara.fox@google.dne.com,mn6364zs
e1f64027-d8ad-4b6b-882d-478ddf79054c,yve.fox@google.dne.com,hg5pdkm3
98e242cd-bc3e-4c2c-bf68-62c185379d4f,zoe.fox@google.dne.com,q22mahwg
14fc68a7-583b-4f26-964b-0a04e0cb24fb,alex.gray@google.dne.com,noe5cj58
fec570ba-6833-4d5e-bfd9-a51d7b94c0e2,ben.gray@google.dne.com,a50cs87b
05cb0098-787e-43ea-9842-856058cf23a3,cole.gray@google.dne.com,5mdrstr2
e19b6f1d-4236-485f-8ee7-862606b3376f,dan.gray@google.dne.com,alyr7usq
06d2f3bf-07f8-437e-9356-8b653043b622,eva.gray@google.dne.com,t4imffna
d19a1dff-5019-4195-9d43-25690654096d,fox.gray@google.dne.com,sbsxw4eo
64114e0a-4e89-4c52-a099-d2526211c8cb,gus.gray@google.dne.com,sqe25dl6
a4106cbb-3a35-40ab-8d9f-3e83dd92ad65,hal.gray@google.dne.com,occwqif5
ef7f3bb1-1b99-4113-9d1e-076d967af63f,ivy.gray@google.dne.com,uplhd31i
e2c56903-e5a2-4c68-97e7-f01ceb6d440f,jay.gray@google.dne.com,hzwd77ur
c23c302e-6f24-4032-88af-c4c807adfc4a,kim.gray@google.dne.com,3i47874x
7b43b0c5-7447-441b-9ddb-8b23f73600e3,leo.gray@google.dne.com,69edkmbm
18314aa3-b6cc-43c3-8e7e-a4d9e62e05d0,max.gray@google.dne.com,rql4bzof
0365a0ca-a45c-4d4d-817b-459bd7356c92,nia.gray@google.dne.com,aw4iefq6
e82ff44e-4374-478b-b354-da410cc2717c,oak.gray@google.dne.com,1t3qo2ya
f6f573d6-eb65-4429-ad76-8910b6654a81,pip.gray@google.dne.com,1n9evhv2
a81ed03c-b656-4ae4-99e4-efbe35fbdb9d,rex.gray@google.dne.com,2id294vf
fddfc1ad-f5a6-455f-b0c9-ceab3528dd75,sam.gray@google.dne.com,z30gh0rl
b23a54e9-7636-479b-87c4-eb1e99459c54,tia.gray@google.dne.com,4y16gjnh
35d0c865-90d4-469f-bbdf-fdc2b7f575f9,uma.gray@google.dne.com,k1shc77g
990090ac-bcb8-4db2-8aec-63e9ede9b7ae,val.gray@google.dne.com,esxy5p0y
5965612e-04fd-4a6b-889e-739b1b49e287,wade.gray@google.dne.com,7gyrinj3
59cc486d-b011-48dd-8a6d-d4dc65a75830,xara.gray@google.dne.com,16c65waa
994e1ab2-1dcd-49bb-85bc-fc7f5ed624e8,yve.gray@google.dne.com,pe2b2e06
a626d522-82bf-4cab-9ccd-eb6a9364c2d2,zoe.gray@google.dne.com,26pxsran
2e762c25-bdce-4118-8865-078f30ff96f1,alex.hill@google.dne.com,o7u9yu3n
64d1936e-31cf-4bcf-90c6-4d8e14cfe18e,ben.hill@google.dne.com,6eh7rs0v
fc89bf95-4201-4660-83b9-8281a028acbf,cole.hill@google.dne.com,vfxj1eq7
72deec13-11a0-4851-bc70-d0f9238ea443,dan.hill@google.dne.com,b5ty1lyi
021ca7f3-a843-4ef1-a815-93649613a677,eva.hill@google.dne.com,h4jrm40h
35e64003-355d-44a3-b506-2c863c210bdc,fox.hill@google.dne.com,d3xm57va
42e50617-b57a-4811-881c-5bd8e9805afa,gus.hill@google.dne.com,0z113et9
fe792c7a-c2fd-4b51-92eb-43daa524d026,hal.hill@google.dne.com,t0mfw87n
d07ddf1d-e5be-4d28-98ff-5ef9f9f42e57,ivy.hill@google.dne.com,x0whdw43
cbcba5f3-da04-4f3e-831e-086de679f99e,jay.hill@google.dne.com,zwmfi7ij
a4591eb8-985c-4f86-8f05-ea7b1f0def96,kim.hill@google.dne.com,ao3m3r0y
d442c0a4-b4c6-4049-8fbf-9c0ada067de5,leo.hill@google.dne.com,cbget7xg
1e42d5a1-ee5d-4af3-827c-9c8b90ce8eec,max.hill@google.dne.com,zif4i4of
43d9146a-ad28-43d4-a5b6-4c8c403b11c9,nia.hill@google.dne.com,me0ksvo4
f1602e39-dbb1-4de6-bbfb-7ed0ca750500,oak.hill@google.dne.com,oxd09sa0
dab48d2f-da35-4834-ae11-911f76e1098a,pip.hill@google.dne.com,33sgnbe0
ecb2adce-36a3-4bf7-9a09-0741b1ce2fbc,rex.hill@google.dne.com,20ik6kge
19ae9a9d-8f9d-4eb0-a5a6-2634907bd9a6,sam.hill@google.dne.com,gxxxft9r
c44e123d-9b9d-4df4-9127-5a31deb02886,tia.hill@google.dne.com,vrgia8jm
0b842001-235c-4adc-b2ca-786c6bebb665,uma.hill@google.dne.com,82agaa1w
e5b2f88d-90ae-4484-b33b-5b7953c0cfb2,val.hill@google.dne.com,xvx13glc
0f7a456e-af05-4204-93bb-34c2f2728b5a,wade.hill@google.dne.com,6q8rl5cd
b1852b03-b8e4-4114-a8e6-ca3a92d08f24,xara.hill@google.dne.com,y8wzdo15
630202b0-9e8b-47ec-8791-57dbb6c3e8ad,yve.hill@google.dne.com,guto0cg7
ebe122d4-f27b-4b4f-8589-debae6785a61,zoe.hill@google.dne.com,nh1yu68g
