45b9524c-d6d2-4a36-b3f7-793cb3f5f3b7,alex.ash@nvidia.dne.com,l8gbqami
a2bcf52b-5ea3-4d6a-94cd-ea36e118fed0,ben.ash@nvidia.dne.com,ww15z3fd
3ffc8278-ee9a-4eb9-abee-376daa262840,cole.ash@nvidia.dne.com,kwu3gqgq
164bc628-aff2-4a2b-ac38-cb5625dadf08,dan.ash@nvidia.dne.com,gjdj8gdk
b67e37c6-927b-48de-b312-ea8e50c769cf,eva.ash@nvidia.dne.com,23o2yrg5
f0c94dad-ba15-401f-a465-b91b045cafca,fox.ash@nvidia.dne.com,soai6wpp
5c6a3d00-ed59-4712-ac17-7003969ec9d6,gus.ash@nvidia.dne.com,h024glgc
d14aaf97-7ce6-439f-a3b8-b721be4efff8,hal.ash@nvidia.dne.com,96ihrg06
0646f168-2137-4567-a37a-a266d8219880,ivy.ash@nvidia.dne.com,1w0wu0x8
c97398d5-2a66-4d05-b18b-b196c675417f,jay.ash@nvidia.dne.com,qkqioyv8
9214eb2c-ceb5-4845-8d50-1cf1a1ed07c9,kim.ash@nvidia.dne.com,7x8af69j
59c9b41b-1dae-49af-bd35-e9e5b54f8893,leo.ash@nvidia.dne.com,3h1gz6s2
0d9dfecf-3ca0-46d9-91a8-8553218aee55,max.ash@nvidia.dne.com,71msxg06
7dcc1773-4c3f-4000-a6c7-a05641adb6ea,nia.ash@nvidia.dne.com,hcz6diad
9d68e903-730b-475a-a24a-0e49c83390ea,oak.ash@nvidia.dne.com,3hk1gz5b
ebf3db7e-07d7-471b-9e2c-9920d170e502,pip.ash@nvidia.dne.com,0vzc9rkv
bbc70dd3-afe9-44c3-889c-283fa1b57144,rex.ash@nvidia.dne.com,40cqg1xr
5a55ecd8-74a7-4459-a543-8d91695839c0,sam.ash@nvidia.dne.com,93c61g23
0c381ca2-3f4f-4edc-b35d-dde6276434c3,tia.ash@nvidia.dne.com,qonpyaez
75a2f170-ef25-4281-9b00-4d44c42b7581,uma.ash@nvidia.dne.com,yp6t9crf
cc4d7811-1f43-46aa-a716-9f1c930397a6,val.ash@nvidia.dne.com,r85st433
89dac124-e3b2-4e70-a7bb-20448fa81029,wade.ash@nvidia.dne.com,ohba3mvm
15620509-d1c6-4230-95f9-2b4c70bb88b6,xara.ash@nvidia.dne.com,p56t1wb5
db93140b-0d62-4b62-800c-d30efabd3f47,yve.ash@nvidia.dne.com,omnd6e6d
6779f282-4d4e-456d-84ed-47fd5583054c,zoe.ash@nvidia.dne.com,jn3rwzzt
cdde0eef-0687-4fa1-8f2f-d220cdbfdc6b,alex.bell@nvidia.dne.com,2xuy9jpf
8b0542ca-e77d-4974-b164-38f30add6cc1,ben.bell@nvidia.dne.com,h40ejid6
0ea61763-cc18-49de-830e-d113f7b132a9,cole.bell@nvidia.dne.com,y9jnxh1f
442bde00-c473-4bc0-b0b0-202597d79e32,dan.bell@nvidia.dne.com,7pok45js
12432bb5-f6ae-42bb-9971-caff5d1c5ea4,eva.bell@nvidia.dne.com,2ezue7kx
4f1bd8b4-769b-4d90-840a-dd551d2cd8e9,fox.bell@nvidia.dne.com,7btxjnnb
74ccecf8-a7e1-4b30-8873-0b0e619588c4,gus.bell@nvidia.dne.com,26lipxm6
6d9f404e-c1f8-4fef-a8c0-5edc461f49ee,hal.bell@nvidia.dne.com,nxo2mo6l
54169223-29bc-48ff-92f1-07a938465281,ivy.bell@nvidia.dne.com,ap1w1frz
caecbd90-ba44-4e7c-891f-be47e71cd1ec,jay.bell@nvidia.dne.com,n4xsj7hc
fcce3fc0-ab30-47a4-be7a-75f065e0b12b,kim.bell@nvidia.dne.com,egu163cm
ca40bd6a-e04e-4f17-8fb0-eb7905a3df8f,leo.bell@nvidia.dne.com,2wgt5tx4
bf7572d5-81e1-4b9d-b93e-d093c7beab4a,max.bell@nvidia.dne.com,z5ltsu0a
de20458b-7e79-4a26-8ada-d53f59fc258e,nia.bell@nvidia.dne.com,s0pdzpo5
c2f9d8d3-61fa-49a1-aa6a-6f984faaabca,oak.bell@nvidia.dne.com,ksb2qh8n
6bc5d4c7-94b3-456e-b0b8-6d6dfeded3a4,pip.bell@nvidia.dne.com,eui61n2e
599179af-6b64-4fd2-ba5f-7ea5ca68c0c0,rex.bell@nvidia.dne.com,bi6i8fdk
2b20a3dc-d8eb-45ad-a7f0-a91517cd50fb,sam.bell@nvidia.dne.com,tyw3s25d
24327c53-5362-4ef1-ba92-e32a2de5c5bb,tia.bell@nvidia.dne.com,swxf2t26
cac3a3c3-399c-4c5f-bbd8-9d8a8d741e63,uma.bell@nvidia.dne.com,b4r1sls2
573e21d4-1b00-4ddd-ba06-f047a4dac3ee,val.bell@nvidia.dne.com,vo5tnffd
2336636f-741a-4322-b5f2-e405cafb125e,wade.bell@nvidia.dne.com,gpq42sbv
593d8bb2-c8b0-4fdd-b2ed-ebcda04b037a,xara.bell@nvidia.dne.com,0m7kv2gp
5136664b-0426-4dfe-b271-4a85fabf725e,yve.bell@nvidia.dne.com,9547kxm7
697ebc2b-c5c0-41b7-8744-6251f5fff9a0,zoe.bell@nvidia.dne.com,5cr6wguu
ccdcbf8b-58e0-4598-98da-bd09c0d857d5,alex.cox@nvidia.dne.com,d0w6gvyh
98419b60-8cf0-41e3-b4fa-5d9703b54c8c,ben.cox@nvidia.dne.com,q38w82wk
ce44b689-86d5-4b65-9d69-71e909694528,cole.cox@nvidia.dne.com,o7blql6k
47fae8ee-10da-4636-9d91-da37b5e5e886,dan.cox@nvidia.dne.com,19lct0vf
eaa2969d-2550-47e9-a4ba-047ef6f82085,eva.cox@nvidia.dne.com,gdqsya8f
a65d02ae-4e7d-4ff1-bc51-370efcf7c315,fox.cox@nvidia.dne.com,08dpy1ud
a0f25f25-f09c-465d-9621-a61f49c032e4,gus.cox@nvidia.dne.com,g6fd6cq7
37f12cee-513b-49cf-90c2-e5295fe8f406,hal.cox@nvidia.dne.com,1mjc1o6c
b9d4200c-5c57-42ca-b763-74bfda4522d7,ivy.cox@nvidia.dne.com,5coz065u
6cc342c2-3c1b-4bcc-a1e4-acea9da5b4d4,jay.cox@nvidia.dne.com,ksxjq4eg
ee510a4f-6b08-4bc5-9e98-ddee37229f68,kim.cox@nvidia.dne.com,vra3tubz
54b5dfba-8016-440e-ba13-be67c061eed5,leo.cox@nvidia.dne.com,o5sa78e7
68c20b6c-961a-41fd-9285-a2d9855fc37d,max.cox@nvidia.dne.com,juy1ubu1
451697a7-8081-40bb-8340-2649360ac561,nia.cox@nvidia.dne.com,vp2zbx9x
38b6f953-62ed-476f-ac36-9b41a66311a5,oak.cox@nvidia.dne.com,3bukiqbb
97ac1f29-e441-48ea-9dbb-9d16b652100a,pip.cox@nvidia.dne.com,2uq8wf1n
0993c912-ab7a-4ba5-8f74-595ad7fda63a,rex.cox@nvidia.dne.com,ksiybu8w
d173dfde-ca24-4927-9fdb-0307675b9dc8,sam.cox@nvidia.dne.com,ugycsdjk
765c0178-7223-4b44-9f72-3028ab661253,tia.cox@nvidia.dne.com,e05c5ma9
841f860e-eec9-40fe-99ad-437b67d9ed46,uma.cox@nvidia.dne.com,fylzwyu5
ec4af415-3b35-45cf-a727-b40f61736167,val.cox@nvidia.dne.com,ukc0yu7u
7f55f7ad-7102-450c-bb44-6fa2a64cef0c,wade.cox@nvidia.dne.com,osr23sm7
58b49aa5-d97c-4f32-82a1-041da55883b3,xara.cox@nvidia.dne.com,x4dgaqs4
99071967-ba7a-497f-986a-7343aa98252b,yve.cox@nvidia.dne.com,kr3i01sn
5828bf5d-4809-48c3-a64c-75b4b96548cf,zoe.cox@nvidia.dne.com,hcufsske
e4e7dc42-ad30-4e1a-91cb-ce5615cb1e8c,alex.day@nvidia.dne.com,42puwzxn
26ce0987-68eb-48ec-a104-b7944f077871,ben.day@nvidia.dne.com,a9xcf4hj
15db9627-f7c2-4921-bae8-a4a29142073b,cole.day@nvidia.dne.com,rj8btidn
666939f6-0725-4945-85fa-3e765e60a1b3,dan.day@nvidia.dne.com,hhczmg8x
a0e13d21-6c4e-427c-bbc0-dca55cf10822,eva.day@nvidia.dne.com,y4bg4wzc
fa7c8c66-b2b0-4268-8880-dc391b1733b5,fox.day@nvidia.dne.com,i7hgqnb2
a3f5da81-3b92-4a88-99f3-813846e83aca,gus.day@nvidia.dne.com,usjbje9w
8582beb8-43cb-45bd-a5aa-0b1f643f266d,hal.day@nvidia.dne.com,ylyibgwl
d6eebacd-4b3e-405d-940b-4c4178337edf,ivy.day@nvidia.dne.com,g5r4wk12
17732726-b021-45bf-bb37-ccebb0e07806,jay.day@nvidia.dne.com,9dsdoppq
5bd382f4-bc04-4077-ba17-db37275be00e,kim.day@nvidia.dne.com,ggbuhrkh
35c4a3d6-8384-4236-a156-78f09ccc9095,leo.day@nvidia.dne.com,tibuy3zd
e4c01cae-1158-4534-8252-f6eb31092534,max.day@nvidia.dne.com,nk1zkqlx
e2ed1158-e319-4169-8479-51025d0f7929,nia.day@nvidia.dne.com,byzm34i0
58519e24-7580-49b1-8bdb-093e53bf483e,oak.day@nvidia.dne.com,fkpzo6tq
81ee7911-c895-4e7e-8620-cb86ae3a9bdb,pip.day@nvidia.dne.com,d7m5pkdd
494ab998-a6fd-4061-b0f7-4ae7cb946bd0,rex.day@nvidia.dne.com,3w0t85wp
4edaddc1-84b7-43bd-92c8-0b54916d3094,sam.day@nvidia.dne.com,rbidfh5p
c635b2f7-24ce-436f-8cc4-09f2515ef1ec,tia.day@nvidia.dne.com,av5qte35
adcfa6ad-4698-47fb-88ea-a48118f7bca5,uma.day@nvidia.dne.com,km6hgidd
bc4138b1-525b-4497-8731-3e4797bb9f14,val.day@nvidia.dne.com,xsmxp9zj
9a765ee9-6116-4dea-a991-dcb1ad7205d5,wade.day@nvidia.dne.com,almi9fg7
b53abb98-a4f6-49ce-af0a-d10c21fbddd0,xara.day@nvidia.dne.com,wuoiti1i
97386549-a7db-4a0b-a7d3-8d51bc794ffd,yve.day@nvidia.dne.com,1jk7yj3a
7f27cec7-86a8-4e64-8086-397937a0485f,zoe.day@nvidia.dne.com,jq3vb0uu
3b36c26f-b208-4268-bead-326edf874d43,alex.ely@nvidia.dne.com,ues056av
aff5f250-9040-497e-bb10-0bca49d1b326,ben.ely@nvidia.dne.com,y0jolazz
9beb7188-07f4-4ee0-a527-01d5cb5d1311,cole.ely@nvidia.dne.com,tkzlkqrn
970bd6bd-ba1f-4ca5-ac60-a6ebdbd05603,dan.ely@nvidia.dne.com,800ygpsr
c6df30ed-9a1a-46dd-a6de-6c5dc54e5a8b,eva.ely@nvidia.dne.com,u7bn2r5s
ed10dd50-19f2-4b2a-bcdf-0eaa98487401,fox.ely@nvidia.dne.com,gy8t0y16
453720cc-a701-47f3-93f5-072c89a60aaf,gus.ely@nvidia.dne.com,ge245d7q
31ca1445-9aa9-46ee-b6cc-53af2d3e445a,hal.ely@nvidia.dne.com,7rffdvfk
8f84a1bf-6ee3-4246-8cdf-14ff2a1d7a08,ivy.ely@nvidia.dne.com,r1wre9ge
475debcb-12d5-4edc-abb9-ead7e2fb906b,jay.ely@nvidia.dne.com,96bxq69c
8274fd0d-1642-4c4f-a41b-7edf1cf45486,kim.ely@nvidia.dne.com,362n8wuz
5db0a7cf-4fc8-47ee-a16a-9920fe2209a6,leo.ely@nvidia.dne.com,le65h1a7
2e8e5804-872d-4bb3-88e2-5577cad33bd1,max.ely@nvidia.dne.com,41ctcmis
235e3e91-d5c9-41c1-aa13-90f774f2d70d,nia.ely@nvidia.dne.com,zcfqnyjc
52f34ba9-359a-4a2a-9b2d-1c6c8d25a19d,oak.ely@nvidia.dne.com,7g8qh95x
c7d17a41-617b-48ac-9b92-fb0f8612b4a6,pip.ely@nvidia.dne.com,62t2armc
b19554b7-725d-4e29-8174-65cf5909c58d,rex.ely@nvidia.dne.com,qosau4bg
0c09c2f2-d666-4974-9a8f-0ee4e7518cba,sam.ely@nvidia.dne.com,yagukah4
b47b087c-8818-4498-9863-12968d520302,tia.ely@nvidia.dne.com,zzw1wij1
daa53a11-6771-4f6b-978e-03af27f0ecba,uma.ely@nvidia.dne.com,ass5smxs
8700c27e-f17c-4c00-8c7a-d6396225f8dd,val.ely@nvidia.dne.com,n4ise2yu
4b7f9364-f650-4bc5-9fa7-6301cf006626,wade.ely@nvidia.dne.com,q2m9rbym
0a4b32d9-d995-44b7-ba04-8129ae19330b,xara.ely@nvidia.dne.com,ss8avelm
95b3ae2f-f93f-47d9-a977-3ca8c957792a,yve.ely@nvidia.dne.com,0m1lsudm
87b9b09c-9675-4b07-8483-65b1c134db71,zoe.ely@nvidia.dne.com,vvtpkonp
0f252cb8-8c94-4ecb-8368-a4284fcd457a,alex.fox@nvidia.dne.com,5l13ztvy
5d5b3695-67de-4697-8612-4161e7598638,ben.fox@nvidia.dne.com,kz1lufw4
d33f6d49-7666-4479-b9d4-89038fdb9f02,cole.fox@nvidia.dne.com,1qpprfos
cd838eec-3649-44b4-a328-75f83454cd23,dan.fox@nvidia.dne.com,til7ffa5
2a3774b6-16ea-4a89-8eed-e4a57ebeff97,eva.fox@nvidia.dne.com,qunndyi8
45811bd0-adf0-425c-9413-7ca44aebc3b0,fox.fox@nvidia.dne.com,cvv5hgbk
2694a56b-c1ce-4cdd-9832-0b4d7a2b1abd,gus.fox@nvidia.dne.com,3gqkcf08
1db4c981-6422-4471-988e-e8e487e9f862,hal.fox@nvidia.dne.com,q9l6vqhw
5e704320-ead1-44ca-8180-084a47eba59f,ivy.fox@nvidia.dne.com,nka4mh9r
61f721f2-c4ac-4c9d-ade8-953f42a48e08,jay.fox@nvidia.dne.com,xwxmmpcd
f33995cf-2c71-4922-a5f3-a0ae74dfddd0,kim.fox@nvidia.dne.com,si3m29sq
2e82e7e3-78dc-48f1-969c-ae9e3e110fd1,leo.fox@nvidia.dne.com,jw2beum5
a850161e-3446-403b-9291-510b1bd44f4c,max.fox@nvidia.dne.com,olqbj2zy
485cbce9-864f-45fe-a849-1ad0a0ec5741,nia.fox@nvidia.dne.com,sb9xklgp
6e2418ed-8c6e-4725-aee5-93f516075c85,oak.fox@nvidia.dne.com,9492moc1
80683530-0113-4a6f-964d-69a40a73d88d,pip.fox@nvidia.dne.com,ptigh8na
4e9dc765-f0e5-4583-8686-62d8e832bf13,rex.fox@nvidia.dne.com,v3zozs38
aa3ca2d4-fa20-4e7c-9b58-45d2dba28a48,sam.fox@nvidia.dne.com,t4w0dp7w
8f034d70-1140-4433-a625-6b1baa84364e,tia.fox@nvidia.dne.com,9g4aa3xp
6afa9253-6728-4170-837c-17cd730561a4,uma.fox@nvidia.dne.com,ilem7hdd
bf35c366-114c-42e5-84b1-95599bfb934a,val.fox@nvidia.dne.com,zywmislh
56eca2d3-ae31-4cf3-af3b-0b27ef4d55ed,wade.fox@nvidia.dne.com,v44b4qgc
1873942b-912c-40d7-b9d7-085cd9ae41ad,xara.fox@nvidia.dne.com,pkm9z40k
470319e1-0e94-4f64-8dfe-a27edadf89b8,yve.fox@nvidia.dne.com,dunipa9e
30e29cb1-4b35-4c82-82f7-247fb1f7fd1b,zoe.fox@nvidia.dne.com,rda7tj1u
f09d917d-bc83-4a78-bf5b-a8acb6e0dfe1,alex.gray@nvidia.dne.com,j4i5tm2c
028a890c-6b74-467b-b182-62e17ab96dcd,ben.gray@nvidia.dne.com,li0e9roa
409db861-cbd6-43ba-bb69-615fd2d1b22e,cole.gray@nvidia.dne.com,n5bt9drb
921f77ae-d611-491b-b6a5-bd7198ff64a9,dan.gray@nvidia.dne.com,nqclid42
b9e3ba3a-e565-40d9-9b1d-ca05026bf76a,eva.gray@nvidia.dne.com,k3bsrfbd
2537fd69-c8e1-4e47-ac6d-056f01ac909c,fox.gray@nvidia.dne.com,t2i8g9sh
4efc3770-4fa7-4ae1-982c-7322e4d8c9c0,gus.gray@nvidia.dne.com,ycpu36jj
1f1fa3b7-d44a-42e1-b9f0-f9b767c56fd3,hal.gray@nvidia.dne.com,2shr95am
3e16fbcf-e52d-4403-8625-3d0baf876831,ivy.gray@nvidia.dne.com,roj9ytjt
fe8dad52-4d33-490e-b3db-92856556fad8,jay.gray@nvidia.dne.com,rztonu1v
8a9d3158-2fb5-4654-adf3-6d7bb49f33ce,kim.gray@nvidia.dne.com,zmag7eie
d6beddfb-7d28-4424-bc56-1eb85624f48b,leo.gray@nvidia.dne.com,ls7890db
3bd162e3-ee4b-460a-abb1-ffe9f0d9a164,max.gray@nvidia.dne.com,7eq122ck
7a69135a-0c7f-49d5-a762-e462c3d7efa7,nia.gray@nvidia.dne.com,eu3ynb78
be5653d1-29ce-4473-8773-ad6edc74717e,oak.gray@nvidia.dne.com,ba9qe8f7
6f45cbbe-8d02-4d8d-9432-83e2f1d181b8,pip.gray@nvidia.dne.com,yyy1fr8a
580ee9f5-1cf1-4b5b-93bf-9a0f357b7fff,rex.gray@nvidia.dne.com,6os0uazr
786c8394-8019-4d31-8c65-b4a5ec76ea4e,sam.gray@nvidia.dne.com,c3wjuw28
786cefc4-cf74-4360-991e-5256bab70fb6,tia.gray@nvidia.dne.com,qdibp46x
a91bf014-6ee5-43bc-8d47-96c0841b469c,uma.gray@nvidia.dne.com,l6n3jlaq
dc2da31c-b52f-4d45-93f0-89c66f1260e6,val.gray@nvidia.dne.com,o8rcedrd
abea54f9-e0a6-4d9a-bec9-ba47dd96717b,wade.gray@nvidia.dne.com,a42wi9rg
b7604eea-7082-4b5e-a324-c20078393c16,xara.gray@nvidia.dne.com,l37oawm9
f89543db-ca8c-4c41-b662-c425f45f4c79,yve.gray@nvidia.dne.com,0cnj246z
b241b68d-2d68-4a7f-8017-a43cb3932eed,zoe.gray@nvidia.dne.com,aodkyjof
14dd1a09-a7ac-446a-a7bd-39b779242170,alex.hill@nvidia.dne.com,pkg6jcwz
3bc12136-ccdf-4d52-8d87-e8c5ec53b557,ben.hill@nvidia.dne.com,qzrfxzti
338dfa72-cbb8-46a6-b157-35d4ca80f9de,cole.hill@nvidia.dne.com,qcpv2yd5
1e8307ae-a0e3-4395-8f5f-74c05da3c62f,dan.hill@nvidia.dne.com,p1mwn3rg
1954951b-0c52-4ce8-96aa-214575da773f,eva.hill@nvidia.dne.com,4ruh0sd6
3533a70c-02d2-4cf7-afa1-d85f74e0b60f,fox.hill@nvidia.dne.com,9re2d1xt
a0b88ae1-b569-4d70-808a-e2533c96be02,gus.hill@nvidia.dne.com,02sxzb7r
4e658e5a-06d8-4ddb-b23e-8ddf11daf683,hal.hill@nvidia.dne.com,5bb2loya
381b8217-b6ed-4afb-bfce-27870c61efd9,ivy.hill@nvidia.dne.com,82rbt6na
33f86fdb-a265-4186-8f2c-367a932677d6,jay.hill@nvidia.dne.com,d9tuhifh
47ac22af-6adb-44d7-b206-0581c35c46c0,kim.hill@nvidia.dne.com,qdp7ifmz
29f3538a-7641-46d1-b38d-63faca78e27b,leo.hill@nvidia.dne.com,5535g80w
9f828ed8-d198-49c4-9569-d82a9f7dd0a5,max.hill@nvidia.dne.com,pqt22c9k
314ac0b5-141b-48f9-8f51-882dec7be10d,nia.hill@nvidia.dne.com,zcejf1e4
c9abd9e3-d6eb-43eb-822e-9e77dd9c6f24,oak.hill@nvidia.dne.com,tzqp8w91
7a3eb70a-4790-436f-8f3c-40be0d8e1c72,pip.hill@nvidia.dne.com,y49tyfh2
012281a4-b6de-45b8-b1c8-c82f40f293c8,rex.hill@nvidia.dne.com,sfo4yqkj
24b98e85-ba0b-470f-b3ae-0f5d2ff03a2d,sam.hill@nvidia.dne.com,dh6ugcdj
c23d0085-eb3d-4760-a988-7f2b9ca77f48,tia.hill@nvidia.dne.com,4pplly3e
6001122c-793c-4c97-aa62-8d9bed52b595,uma.hill@nvidia.dne.com,2irafbqr
c650244e-727a-4e93-b9d0-8cbabf3c2f76,val.hill@nvidia.dne.com,gsvp9m6y
ad7c1490-0ccb-4222-9262-cf8aa5bd33f6,wade.hill@nvidia.dne.com,kvu1xw4l
50a63d34-1856-46b4-858c-483016f20db4,xara.hill@nvidia.dne.com,u464e88g
8fc39695-61ba-4397-b6cb-3a50fa9b6707,yve.hill@nvidia.dne.com,o8brth2y
ab01ec67-5797-4fb9-ad22-ca187275232b,zoe.hill@nvidia.dne.com,ccgnidwf
