a16f5c85-ef24-4de1-a99d-3d51bc3b0c69,alex.ash@iso.dne.com,um3lawyj
f28f76c8-b6e5-44b6-96c5-93715bc3aa16,ben.ash@iso.dne.com,wok7sjm7
310d73f6-390b-4db2-8181-d8e0db0abd12,cole.ash@iso.dne.com,qkqhf1ao
68a808f1-43d4-41ae-905c-18d23e633ee7,dan.ash@iso.dne.com,m2ne9zy1
9b7e864c-7d45-42a0-872f-24c197b6e2e5,eva.ash@iso.dne.com,311ydqct
d1d63ceb-1913-4300-80db-defbce5f660f,fox.ash@iso.dne.com,jvs7lrwl
29948842-f7f7-4381-9a6d-26694d0ac70a,gus.ash@iso.dne.com,1mpg1tb6
309aacb3-0748-4572-b79f-93487d2f90dc,hal.ash@iso.dne.com,n07hhkvt
a620777e-3f5c-41b7-a7e0-d931a498f0ff,ivy.ash@iso.dne.com,rq8imljy
f53c497c-1631-4dc7-9bd8-99d179d18f75,jay.ash@iso.dne.com,bums5hs9
be1ea58d-25d9-468a-813f-dfceb3fdfbca,kim.ash@iso.dne.com,dlfhjg99
bd53badb-4a27-4e93-b171-fdd19e565e70,leo.ash@iso.dne.com,xxo0pmmx
cf648310-28e3-453e-a286-3084f809c504,max.ash@iso.dne.com,mbc6a3ng
53931462-60cb-4f3b-96c4-decd91bd18e2,nia.ash@iso.dne.com,yeh9ee6a
ee6264b8-dc78-4fe3-9cbd-c8baf37972ba,oak.ash@iso.dne.com,5jplmooo
fb11efd1-1ddb-45c5-ab03-03857469b6e8,pip.ash@iso.dne.com,jfh0pu33
e8be4b45-9995-4017-80fc-fb7f91e9bb03,rex.ash@iso.dne.com,u3i0l0v5
001cfd3a-21d2-48a8-a594-a2320c9ab3bb,sam.ash@iso.dne.com,r7vdnp9k
cd4b766b-c979-48d2-9d4b-68b2a84e6499,tia.ash@iso.dne.com,yd1ob6i2
a2fb6e1e-99e9-479b-bf89-4e7a3595b730,uma.ash@iso.dne.com,cqicxqlw
7bf89b9e-c87b-404f-b823-933ee2eb00bd,val.ash@iso.dne.com,46h5cniu
db8175c0-59f9-473e-a3c1-288634a995f6,wade.ash@iso.dne.com,egafdnrv
19aea02e-625b-414b-9b9e-832dbc5a3d87,xara.ash@iso.dne.com,d899btxc
4e0f8535-05ba-49d3-9fee-84a64a800ef1,yve.ash@iso.dne.com,gbkw6tl5
888d7130-d5d0-49e3-ad3a-e63654d62744,zoe.ash@iso.dne.com,ybbqjr30
784c8aef-4fef-47fa-9316-bf6d5d09e283,alex.bell@iso.dne.com,zyoozn82
736e312e-a33e-4e6c-b4b5-862a8ccc6005,ben.bell@iso.dne.com,l8y5ih76
f46ab508-09cb-461f-9541-1dffd3aefa7f,cole.bell@iso.dne.com,00sg991x
7e179445-110c-4293-aa3f-6c3dce754bfa,dan.bell@iso.dne.com,yp9maplj
c43278e6-afa8-493a-8105-5f948ae6530e,eva.bell@iso.dne.com,7x3gjnu5
78dc7b9a-4eaf-4a40-b5a5-4c1e96f5482b,fox.bell@iso.dne.com,lh6ha6i1
63416c96-7677-4876-a82b-6a0447e97ac7,gus.bell@iso.dne.com,rf8o0ylt
338caa4b-ce62-4671-a77c-2945928e946a,hal.bell@iso.dne.com,2x7q88il
b5280f44-fc68-485e-8e52-e2e769b21c54,ivy.bell@iso.dne.com,8a1vnxgz
79c94696-b09f-4373-a091-247589a51d8f,jay.bell@iso.dne.com,kx6dgtck
174c154c-1f10-46a7-a39c-be97eb0f996d,kim.bell@iso.dne.com,f9ftdu9z
3c2ecbc0-1da0-4c3d-902c-73bb1adb4e42,leo.bell@iso.dne.com,sn3ym3se
47b9cc20-7c64-492f-b3f6-aa928034bb52,max.bell@iso.dne.com,jtm9wwd6
41bbcb5c-6503-4204-8d43-9f5322ecc60b,nia.bell@iso.dne.com,lunpn6p9
9e043f3d-2a2e-4a7d-af04-42e4cae87ca6,oak.bell@iso.dne.com,f07t0yfw
3b0eea62-c4d9-4da6-83e3-927458312edf,pip.bell@iso.dne.com,tbry17qq
2defaac0-1adb-480f-b677-60ee9ed34683,rex.bell@iso.dne.com,x2p0nhly
5051e40c-3d67-46dc-a8d4-9ca3ec8f9a3d,sam.bell@iso.dne.com,50wmsrwj
99fa7212-e998-441e-99f1-dd59749be87a,tia.bell@iso.dne.com,xdgo1fuj
61b8f674-7b11-4464-8520-3821c95c90b2,uma.bell@iso.dne.com,3aiynso7
d1b0bd1a-0747-4714-9bd2-2f0cc4fbddd1,val.bell@iso.dne.com,erzlhgkz
3eb7b3a6-2f00-496b-a9bb-d3bcbb67244c,wade.bell@iso.dne.com,292700at
ed00b7e3-172d-4e12-91d4-70b50fc8fd7d,xara.bell@iso.dne.com,rm613eyj
478ed0c4-e11c-4ff5-ab7e-0fe3ac99f439,yve.bell@iso.dne.com,tspexezc
a97b4423-9672-4ce2-95ee-4bc9b2cbfbc2,zoe.bell@iso.dne.com,okl67lct
b60d5316-f4ce-44e7-8e21-2f0e5620b31c,alex.cox@iso.dne.com,vv8is0we
280f50fc-b3c6-4883-ac51-d2caa0b647e8,ben.cox@iso.dne.com,uicn32qy
bd7245b9-b581-4c8f-a6a6-67207d9a1e77,cole.cox@iso.dne.com,rcnmto9a
6cf5a91c-f5c2-4e82-a9b6-58e269858fde,dan.cox@iso.dne.com,rtm1ta03
7f6290f1-c305-409c-ba5f-d99872ec6add,eva.cox@iso.dne.com,shblhuqq
cc88703e-c394-436c-ac31-3fdae1b0b035,fox.cox@iso.dne.com,3pqvsfyg
7c261300-eabc-4a05-8b20-07885f87249c,gus.cox@iso.dne.com,8va9ii5n
bf5bc363-98d6-415c-9623-bb6b80379fd0,hal.cox@iso.dne.com,a03bshx9
d12f8eea-a394-4769-a672-076ce4702240,ivy.cox@iso.dne.com,msh6tsj8
3843ab5d-503f-47ba-93be-9ec3cc75b4bd,jay.cox@iso.dne.com,3tsp5dhn
4c445fe6-5cdc-45f7-9a27-3dffe4f0603e,kim.cox@iso.dne.com,sl0v59v4
8c128ed8-98c4-4f23-b8aa-debac734b053,leo.cox@iso.dne.com,6lyp0b0f
c0f895df-e505-458d-ae80-16e149652597,max.cox@iso.dne.com,597oszg3
440eb26b-cdcf-474c-be94-ee9c2108aed3,nia.cox@iso.dne.com,4tg93spe
b80a7e04-c256-4384-af1f-34b83bb50602,oak.cox@iso.dne.com,ccwsy3ga
09dbf638-c2e3-4fa7-bd03-8e2319390dfb,pip.cox@iso.dne.com,wkqewjbr
9b5064b7-0250-449b-88a3-707f5692ff97,rex.cox@iso.dne.com,1gupavht
80281149-3c06-453a-8338-486d2a69a399,sam.cox@iso.dne.com,0vygl3k2
675e57d3-b445-49b9-8c94-e3cc416c57c5,tia.cox@iso.dne.com,8pe1n5ov
b4f33f55-19dd-41c3-a5f5-0462b475dbc2,uma.cox@iso.dne.com,rbskkx4g
2dcc7008-624c-43b6-92fe-fa5133f8c9af,val.cox@iso.dne.com,43ap2uwv
7b30afd8-309d-4c6e-b0ab-c7c6e855f83b,wade.cox@iso.dne.com,6hi910p8
3fe3f26e-4f05-46b3-8d5a-5f9f47b69a86,xara.cox@iso.dne.com,vmpppmbm
4b400774-1613-47f6-9ed6-c6a3527ee5e0,yve.cox@iso.dne.com,nj8lhgj8
c5614347-1a5d-4bf2-a590-db95cfe49ab9,zoe.cox@iso.dne.com,afvy4vbj
7969234d-70cd-48a6-900f-77336b04da08,alex.day@iso.dne.com,7iuqksms
9b166f2a-1abe-4420-a0bf-866bacaa1bc6,ben.day@iso.dne.com,js7cot9l
607bd250-702d-433f-9a1e-92ff0b86ebe4,cole.day@iso.dne.com,ilf9owj2
8cebb49f-60fc-44f0-8b82-a96a24bddc13,dan.day@iso.dne.com,pdnpjug8
8b4d587d-23a5-454a-a39a-ce3837fa6c4b,eva.day@iso.dne.com,lxbdu3li
d3ed3fdc-4c47-470e-830c-b1eae28b3eed,fox.day@iso.dne.com,vm0czlco
ee51ad8a-7e65-475a-b209-13a0739fb36a,gus.day@iso.dne.com,3i0cvq4q
6902b065-ca58-4ac9-98a8-52643f7bf3d0,hal.day@iso.dne.com,g1j57gr2
dd1d0f1f-4404-4ee0-8a69-9b1dadb187ea,ivy.day@iso.dne.com,90ugo2y4
266cf358-e751-4879-8e28-18e7f7e9b5b2,jay.day@iso.dne.com,j87dxkdl
d946744e-8312-491b-b720-d53da5f74f21,kim.day@iso.dne.com,gh69abbh
72c90226-d58f-4b26-95bf-b97b0b948514,leo.day@iso.dne.com,sevk142q
3021d1c8-4220-47a8-89c7-c4cf13bf0222,max.day@iso.dne.com,scmtz4z1
214bd51e-c777-444b-8033-fe8c341b061e,nia.day@iso.dne.com,b70a8yfn
efb8d6da-ab05-4ff6-8bcf-d9e032702251,oak.day@iso.dne.com,2b8g85p0
3975f962-b55a-4765-9a33-e762ad04ca9a,pip.day@iso.dne.com,w2w8ntw6
a5021c66-6112-48cb-bbe4-0b38604ec42d,rex.day@iso.dne.com,cmnu5zzp
e559d2f0-80c7-4696-936a-5365f2316751,sam.day@iso.dne.com,9asklia9
c1fec723-9660-4a3d-b577-9c8739446bee,tia.day@iso.dne.com,y98ombs4
f42cd589-4ffb-4e9b-a391-dd24f0681060,uma.day@iso.dne.com,bdsd5fp6
02f852a5-07c2-4aeb-8d3e-63f174f18bed,val.day@iso.dne.com,1jtpnqmn
12efb76c-c7fb-4e66-afd6-059c8b97e067,wade.day@iso.dne.com,da0aaggc
6ba0e73f-0473-43cf-93e9-4004b7034bf4,xara.day@iso.dne.com,u7al125d
c06c60f2-fa74-41c7-ab50-9c071688bb5b,yve.day@iso.dne.com,i7y0hlvv
90d21d11-1871-4b69-8c7a-0e22842d98c6,zoe.day@iso.dne.com,c9bn4vnw
63908a95-9d4d-4304-8de9-e1710ead14cc,alex.ely@iso.dne.com,usmj3wpw
67b7f554-4295-4112-a17f-9262f46716b7,ben.ely@iso.dne.com,2ih2x6lt
7c4feca7-6ff6-4b3c-b723-6c25cce51644,cole.ely@iso.dne.com,nerq9qnm
b5f63298-4b64-4179-a1c3-fac88d147c7b,dan.ely@iso.dne.com,gfpnrcnw
fe43de28-f3f0-4d70-b3eb-d6771752cd52,eva.ely@iso.dne.com,qitgnwlf
0c9d6244-acd9-4b6b-873e-6295ac144fb2,fox.ely@iso.dne.com,fyz4hoet
2df99f73-2b87-49bf-941e-84c3e1004d85,gus.ely@iso.dne.com,ptqbhzrf
64139d0b-1078-4e0f-b804-f2a84c6e4b65,hal.ely@iso.dne.com,51trtghc
6308477b-60bb-4a52-b39d-907f001a9263,ivy.ely@iso.dne.com,mw2mok4g
5667153d-f00a-4965-af0e-d36a568312fb,jay.ely@iso.dne.com,3603n1ew
51fca082-cc99-4f9e-8a57-b62f4a0f2707,kim.ely@iso.dne.com,fj40zbm2
8c60c2c1-6ff3-477d-a372-1aa586624d91,leo.ely@iso.dne.com,yiurig1o
33c6a396-7d23-4e0a-b130-1316397305b9,max.ely@iso.dne.com,4ko9g5lu
a6c0f84f-7e00-44e0-bacf-8d5f68e2fea1,nia.ely@iso.dne.com,9smpld17
6ccff024-4816-418f-a437-44e96a946a77,oak.ely@iso.dne.com,ww4fmqyz
386782c2-4b97-4921-bf66-c7132e2233cd,pip.ely@iso.dne.com,tzm5tneq
0e3c85ee-f3a9-4f5d-a655-5200d772af03,rex.ely@iso.dne.com,kftuo21m
5a4a9725-14b9-4a47-bb2e-c555181c4fc2,sam.ely@iso.dne.com,ie8wfyx7
fd1e079c-3602-4143-a22b-ef5f705efe06,tia.ely@iso.dne.com,6n0nj21e
6c4fb957-593a-4966-a2c6-b0469dd7b5cd,uma.ely@iso.dne.com,1o9t5kg9
1b59d05f-da16-4cc2-b4d7-d9750c6db6ac,val.ely@iso.dne.com,55pkklyt
fc770926-dd27-47b5-9529-123836232812,wade.ely@iso.dne.com,0myal6wq
e9477ae4-bfee-4191-b2ee-7a679ff1826f,xara.ely@iso.dne.com,qx4cm38k
923e99cf-1c16-49dc-a75b-dc5d58a7fd36,yve.ely@iso.dne.com,4p55jqon
799ddcf8-8528-4e87-9b6a-027b7fa4f153,zoe.ely@iso.dne.com,sk5khztt
0096ccff-9e44-4c5b-874c-40c574cbbbb3,alex.fox@iso.dne.com,lok4y1dz
7372e29f-de05-4487-bc8d-29d03b3ed0d8,ben.fox@iso.dne.com,rn9bg3k5
76c51494-c747-478a-bc22-a68231d8a39a,cole.fox@iso.dne.com,kbfgd4cq
36ce451a-521d-4530-93ea-564b2f834f46,dan.fox@iso.dne.com,5drgnabw
d88fd453-5248-4783-beff-4d9b747ee155,eva.fox@iso.dne.com,d4v0l0rs
9eecbbab-5a3a-49b9-8191-bb95535f557a,fox.fox@iso.dne.com,4057fi9y
362c54f6-c220-486c-b400-2b9cdb3dc27a,gus.fox@iso.dne.com,wrjxuqzm
f4ef38a1-d944-426e-a29c-16373189a9f5,hal.fox@iso.dne.com,65q6nyvu
077b9001-507e-466b-8431-7b7bf983bf2a,ivy.fox@iso.dne.com,ds93eycw
56933e4d-31d1-4261-abdf-bc05733c516b,jay.fox@iso.dne.com,fl7dh4ph
c529d600-f629-4c2c-8a79-99ccb7bdeb7b,kim.fox@iso.dne.com,blzznpx4
62eb4b12-8e55-4318-9104-d5a0c6c70c43,leo.fox@iso.dne.com,kid1p9g5
76234f36-d8c2-4227-ae75-cd5f3b3b63df,max.fox@iso.dne.com,1vknijwu
54901579-89c5-42ec-b5f0-c76dcf9d5bb0,nia.fox@iso.dne.com,loqz5133
024f1b0a-9cca-47c4-ad2f-29f2d0ccb892,oak.fox@iso.dne.com,q1fj9vit
3075d4c2-de49-4d6b-86f8-a2804fdd3adb,pip.fox@iso.dne.com,fnrjcjcv
7089edac-e904-4891-968a-0d2c7cf291d2,rex.fox@iso.dne.com,dclarz8y
aafdb22a-2611-4515-bb1c-ae25e71c7e89,sam.fox@iso.dne.com,qrlq9nuc
f0236b4c-ff2e-45dc-b596-404a19becf09,tia.fox@iso.dne.com,68vj70x6
865526f2-742b-4209-addc-e21cc59bc1da,uma.fox@iso.dne.com,u5qr6xva
f3a55636-2cf7-4e70-b6db-c96d1347ccb7,val.fox@iso.dne.com,kxqwziy0
f9bedfd5-8ddb-4254-a5c7-555730397068,wade.fox@iso.dne.com,z1djna0e
dd07fbb7-fefa-4240-8699-ddd9b65f9814,xara.fox@iso.dne.com,nttzq3zo
04e860cb-d83d-4ddb-a2b8-0d55404ebeba,yve.fox@iso.dne.com,wcy9a9ps
4c0b6953-fcac-4582-8377-e1a94b82597e,zoe.fox@iso.dne.com,xaf0082d
48df6c28-6203-4703-9f19-e9e871c99b11,alex.gray@iso.dne.com,fbwi3tir
ae3fdd06-afb3-40ba-95b6-11de7201697f,ben.gray@iso.dne.com,j24sx0i8
83072721-b81c-425c-8cd2-74da27ea3f08,cole.gray@iso.dne.com,008i6ve5
b9128b16-ff57-41d2-9c20-ba9a2e519754,dan.gray@iso.dne.com,ot275jfy
836d1e0a-060d-4532-96ae-bc8634fdc519,eva.gray@iso.dne.com,yo5eq2z5
13a83b46-b7df-4363-bed9-49856dc88f38,fox.gray@iso.dne.com,g0fmdhm7
25b49ab4-e23e-4aae-836e-eb7d39ea9126,gus.gray@iso.dne.com,96gwfmwi
063601b8-e1c8-4236-8589-ee1ece84f210,hal.gray@iso.dne.com,yssnpira
b3f9417f-7400-4e7e-9940-1f21df5e6539,ivy.gray@iso.dne.com,54z4niyc
eb9e06df-710f-4396-ad2f-bcc0c29395fd,jay.gray@iso.dne.com,d81lj3jb
c41c6dea-e31d-4211-bf60-19861fca17f9,kim.gray@iso.dne.com,scfis5nv
944915cb-d7c4-4995-87a2-c583d6d41af1,leo.gray@iso.dne.com,stqc2orw
3783d5ea-90e0-428b-a1a8-1fbd3af5c128,max.gray@iso.dne.com,a0ebx75c
bfd90e4f-f895-48c1-a37c-860f6b58fc7b,nia.gray@iso.dne.com,8rstw538
f7db1383-02d7-4992-a5a2-9f29e4dac1db,oak.gray@iso.dne.com,7f47lgb0
1a115351-b84a-42ba-9467-75d0dea12cde,pip.gray@iso.dne.com,wc3vf6mv
846bd6d2-53b7-4f1a-9bf6-4e724ffa8454,rex.gray@iso.dne.com,mkwyt8fz
fce807f6-d640-4c0e-8a64-679e87e61294,sam.gray@iso.dne.com,s4lmj17p
73342490-0c05-4ddc-b3d9-0a3355babcd3,tia.gray@iso.dne.com,a2ndljd4
e798127a-7e80-4057-a158-662f27146d3c,uma.gray@iso.dne.com,21awq6wd
6939c70f-a4ef-4d6a-8b24-8523aaa73583,val.gray@iso.dne.com,k3ddcgen
35b3b5a5-e91c-41e0-bf6f-7cfa7af3bf3a,wade.gray@iso.dne.com,h7qjf8zf
564eb256-b120-4a6d-b40b-36b707184f30,xara.gray@iso.dne.com,2fpgspny
8e98168e-b170-44ee-b27c-28ed578af511,yve.gray@iso.dne.com,6ykcnd1f
70b8f276-a899-4f53-9c8e-f54d786a622c,zoe.gray@iso.dne.com,tixih18c
8bd14e5f-8d52-449b-b077-b32c6a817675,alex.hill@iso.dne.com,x0kdizau
187e1329-8580-4e07-9359-b0e13548202f,ben.hill@iso.dne.com,zqueogja
1ce10e75-9254-46a6-bbae-28f97146c4ea,cole.hill@iso.dne.com,433gzb4l
080ebf07-ba46-4d9e-bdc3-27719899bc67,dan.hill@iso.dne.com,27x9kmgf
1fb75ce1-5543-4fa1-9f90-e43b69306b16,eva.hill@iso.dne.com,9erhpstr
9fc219cb-ca52-4c04-b54e-a0c10bd17a55,fox.hill@iso.dne.com,3wdq5or4
718836f1-b0f2-4f94-a831-4f746b73426c,gus.hill@iso.dne.com,brvycu9d
b9ec9abc-3dbd-4a58-b481-7909f3468fe0,hal.hill@iso.dne.com,l0iks52t
fafeb822-672c-4aa9-ab25-3d923a827d44,ivy.hill@iso.dne.com,h1ddxgoi
0c7899fe-14cc-4877-bcf3-5b2c28a03863,jay.hill@iso.dne.com,6hx8hzhj
586c91f8-8d59-470a-891d-e38b9991016a,kim.hill@iso.dne.com,giipmdc3
4f68ec0d-00e9-4d28-8f50-0c413c300206,leo.hill@iso.dne.com,ypbwp1xs
dce83b11-cc96-4486-af6b-c922e01d6df9,max.hill@iso.dne.com,utt5kqcr
a5b2643b-4d41-49b0-b348-4de9dd1eed81,nia.hill@iso.dne.com,3h4lzx5l
01d01009-68b1-48d3-b793-40a4dc86631a,oak.hill@iso.dne.com,d9aftqjz
96d1e2ad-b604-43fd-9776-4d757621119e,pip.hill@iso.dne.com,8735wtz1
45b21ee5-f952-4372-aa93-dccdde8a62c1,rex.hill@iso.dne.com,pvx3q3a7
b1548349-b510-4184-a83f-70b2dacfdd70,sam.hill@iso.dne.com,a85cni7f
63f70451-c846-4351-add1-b2608f18be24,tia.hill@iso.dne.com,is0cv5mb
e9e4067a-1900-4095-a3a9-26383e01c107,uma.hill@iso.dne.com,9k32wlcp
a44a6e63-71dc-4206-a6cb-a3dacf79088f,val.hill@iso.dne.com,8edrz4c1
1d21b973-dc73-4125-a2d4-c2b977edaf3f,wade.hill@iso.dne.com,mpksn64o
cdbfb743-0348-439f-aea7-e89f6dfda4ab,xara.hill@iso.dne.com,0tz2p9fl
49c427e2-d115-401a-9501-7f1d39cd7145,yve.hill@iso.dne.com,ivgiu2og
2d02cd89-11f5-4976-a33b-10fc828acc6c,zoe.hill@iso.dne.com,261eho7g
