9497bf62-56b2-4bcd-9201-b92abd979683,alex.ash@spotify.dne.com,vsfqc6wl
637a9bff-2b8d-46f5-b2ae-903527b86ef5,ben.ash@spotify.dne.com,73m4p9tb
ea977c8a-de9c-4b38-8100-18c07a6a890f,cole.ash@spotify.dne.com,lyaqbub7
191d9548-c60c-43f0-a56b-63ed35e243af,dan.ash@spotify.dne.com,ypi9gu0n
c9dfc021-de6d-4693-8fe6-4067c3cd43a5,eva.ash@spotify.dne.com,wyei8ff5
7120e90c-d15d-463a-b3c2-f084ac3f44fa,fox.ash@spotify.dne.com,2gqgrh0v
58dd2c5a-ae56-415c-9ee7-d362da963a87,gus.ash@spotify.dne.com,bok4hl3h
211cc8ad-ef8a-4831-b22a-d48b32d0dc84,hal.ash@spotify.dne.com,ehcxgnrq
28520cb3-99e3-430e-a611-384abdfd5635,ivy.ash@spotify.dne.com,taoto2ya
a0f34f40-bd6e-4aba-af91-e9113e3b1259,jay.ash@spotify.dne.com,80ldz11j
964b7f2a-7425-4f2e-937a-738116f3a72e,kim.ash@spotify.dne.com,ujggzs4e
16cd3a24-6998-4c93-aff4-3974426e2d32,leo.ash@spotify.dne.com,li5y4v6v
93c28788-25ad-4747-a3f3-fad3e60d6cfd,max.ash@spotify.dne.com,gf99y60w
52ac9b35-fca7-48b2-863f-3801db219152,nia.ash@spotify.dne.com,yn6fxld2
7d6c4c6f-e6d8-4fca-bc71-b107dea0a164,oak.ash@spotify.dne.com,wuypbnfq
a777436c-757c-4885-bc55-d7ce6174cfd3,pip.ash@spotify.dne.com,utp7byg0
d4633f28-72d5-49c2-a7ae-e4b54d29837f,rex.ash@spotify.dne.com,wv53q94i
e36bb6d7-700f-42de-a6ce-e9f864404f81,sam.ash@spotify.dne.com,v3mituo6
6ae968b7-ca0f-49d4-8b8b-f349af63cff3,tia.ash@spotify.dne.com,uc0kxu3q
9ae054dc-d1f2-4607-a142-f30717c2b851,uma.ash@spotify.dne.com,86ngnnjz
b2a38995-157a-4090-ac8d-444911b44f49,val.ash@spotify.dne.com,wq3ajqkx
520ebc97-1b5e-494d-bbae-7381e71a7a5a,wade.ash@spotify.dne.com,0naheos4
aa84f99d-44ec-4d6c-8100-80c7de6bdd44,xara.ash@spotify.dne.com,016qxdpf
4ee64e1f-6565-4a58-a8f6-c2820b4f129f,yve.ash@spotify.dne.com,tcgbpc01
9e7a727a-f487-43b1-ba19-c863416c68d1,zoe.ash@spotify.dne.com,xqysvp3o
58ec1878-25a9-425f-9480-a0962615169e,alex.bell@spotify.dne.com,zynm9lxu
110bde03-c69d-4bbc-ba2c-b1540c9d33db,ben.bell@spotify.dne.com,kmkybvyo
f3d78acd-0918-4b77-a4f6-d439652a5541,cole.bell@spotify.dne.com,ipsa2ih9
ad6d3c62-7b12-4195-a176-9e68d7fc587b,dan.bell@spotify.dne.com,b8dz3eh3
e28ed28b-fafd-4445-bdde-b9ef64470eea,eva.bell@spotify.dne.com,6xr22gf5
c01584d3-afa4-4816-9a84-5b26059dbb42,fox.bell@spotify.dne.com,yk8f1b1x
2dbc06c1-3400-4edb-b0bb-54e7e0864717,gus.bell@spotify.dne.com,w3l6ky8d
88a4977c-2580-4bc9-9e2c-f9fdc1c2ed2b,hal.bell@spotify.dne.com,0y1fwlzs
8d1ec407-9a2e-4943-9531-8d9040247f30,ivy.bell@spotify.dne.com,i7gug8n2
097644bb-bc44-464b-a410-86db738f724a,jay.bell@spotify.dne.com,lxo7uaxz
a26ea734-6681-4290-a2e5-9f30967cb069,kim.bell@spotify.dne.com,go24v3od
9b0a5072-7fd1-4629-b6aa-ee09cca796c0,leo.bell@spotify.dne.com,b062equ3
f7a9b676-d297-4576-affd-21f90f4722b1,max.bell@spotify.dne.com,1tutgu5j
bc5a6c90-2438-43b8-a758-e990c866e80e,nia.bell@spotify.dne.com,95qs85zy
df431b67-d0f5-4d51-9d96-607e0bffc67c,oak.bell@spotify.dne.com,udfkkdri
b8168508-84f8-40c8-ab9b-0a30b81a2c70,pip.bell@spotify.dne.com,vxy1ohs9
6c794dd9-1994-4b52-ac57-77a9fe779791,rex.bell@spotify.dne.com,p4s4ndh1
57ded6b1-b3bd-466c-99f5-5be0296c0f4b,sam.bell@spotify.dne.com,z68kgw4s
1f863e80-145f-4c15-8658-15679a6aa0f3,tia.bell@spotify.dne.com,z3rmbloc
8f652766-b487-4f26-bc0b-cbfec14f73b4,uma.bell@spotify.dne.com,jtb3ir2b
85f3098e-5b59-491a-bed5-bc38b66f1e2d,val.bell@spotify.dne.com,ms0cxkic
ab197124-cc01-4f67-a1de-40985bfe8167,wade.bell@spotify.dne.com,eedx07k4
ff6de74b-4afa-42f7-ae0d-4f7f9672a6bf,xara.bell@spotify.dne.com,3lu7dfbk
c090b13d-ba27-4d09-a3e2-b3f8fa70da84,yve.bell@spotify.dne.com,oq2u6e4b
d36dd9a9-f7dd-4fb3-a72d-c70855ae7526,zoe.bell@spotify.dne.com,0t120njh
62500954-f992-43c3-b8fb-a633d9e09854,alex.cox@spotify.dne.com,2b6ybiqd
e34614cb-0c4b-41c5-9cd8-e3a3cee1ebab,ben.cox@spotify.dne.com,9z7g58r8
0083df76-b946-4c93-833b-f18682c6a42c,cole.cox@spotify.dne.com,xrbg8rbh
2c7705f3-fcaa-4615-a9b2-4ac4caf1538e,dan.cox@spotify.dne.com,cmgwrmrh
1af7fc83-c352-4bbb-a8c1-a144600c9f5a,eva.cox@spotify.dne.com,qgc3s25x
b3124e58-2b96-49cc-b59a-497a64f3e69e,fox.cox@spotify.dne.com,q1w9elaz
21838f62-3606-483b-a10d-ba70117f569f,gus.cox@spotify.dne.com,uj3c5rhg
d39b8862-cbe2-4cba-93d1-4ce80fdef08d,hal.cox@spotify.dne.com,8ew4gky9
21d0473d-7e90-483e-873a-1638873abc9d,ivy.cox@spotify.dne.com,ffvm2jmk
d94d73a0-fe8c-4a64-8a20-267767d8a6ab,jay.cox@spotify.dne.com,ks3u6fyp
a6c1ecbb-ffe7-4e2b-8527-afa95223fe97,kim.cox@spotify.dne.com,e3bw96jn
ae396bdf-bbc9-477e-9299-4fc79003ff7c,leo.cox@spotify.dne.com,27rh8678
a2f8ea17-477a-4fa6-89a2-26e0d300763b,max.cox@spotify.dne.com,zktfkgms
50313a82-a57c-4f45-946e-835b422d7364,nia.cox@spotify.dne.com,7ixhuhpz
26e7145e-b9cf-4eb1-acba-fda63654c1a0,oak.cox@spotify.dne.com,14qbhxg2
1de57408-1a10-4de3-a838-8c5f42de5c18,pip.cox@spotify.dne.com,rqz1oo5q
45741127-3420-4544-b12d-f58ad4e133e8,rex.cox@spotify.dne.com,8nl0qzut
e9c8c08c-e62c-41ce-8a49-589ab862cf3f,sam.cox@spotify.dne.com,eiezd58z
a5ee50f7-28f0-4ff6-bc0f-1783b29b4026,tia.cox@spotify.dne.com,1rmrzgi0
e97c845c-2d6b-453a-9e7c-c2db6c4dd0bb,uma.cox@spotify.dne.com,wy7q2cvh
82ff5cc2-58b1-48df-9b2e-66127c54ea27,val.cox@spotify.dne.com,t2w0h7e1
d13c4959-0041-4a36-b16f-633fa0d2097c,wade.cox@spotify.dne.com,nfi0ut57
930a9521-0c2e-42d4-a16f-94b76d6af5a9,xara.cox@spotify.dne.com,rl3rtiqg
33e45144-be35-41f6-8c3c-3701ea3ec4aa,yve.cox@spotify.dne.com,owuh09n7
8b698eb2-75e8-4de2-afd5-4d5048dffd7e,zoe.cox@spotify.dne.com,e1ngpstw
d8778fd0-9f0b-4057-b288-e7131aad0e7a,alex.day@spotify.dne.com,hyu4457e
430d3e85-b3ca-4640-8f34-895838c60ad5,ben.day@spotify.dne.com,z848r63k
5cb4ccae-8f6b-47bf-826f-0d9b7c7a5de0,cole.day@spotify.dne.com,pysk47q7
d154b706-e460-447c-bf66-699b4bbbe311,dan.day@spotify.dne.com,zkmv2z2q
bcca9813-4ab7-4dc5-a22b-9af96fa83511,eva.day@spotify.dne.com,88gynnej
7b8025d3-451f-4fd0-8d8c-4d4aee528ed2,fox.day@spotify.dne.com,yipljj32
37f3d3dd-a810-4cb5-8f41-db2e31d05e6f,gus.day@spotify.dne.com,o178cuiu
af996aa8-3632-4c6c-935b-955e5a26631b,hal.day@spotify.dne.com,o2vtn2hm
f2a30553-d3b0-4619-b097-5b18cab42794,ivy.day@spotify.dne.com,n2uwochr
3cb323cb-cc63-43c9-96aa-42aeab36a9be,jay.day@spotify.dne.com,sqlrcbat
7be5a946-887d-43cc-a63b-0426b7b0a78a,kim.day@spotify.dne.com,a3os1b1a
3a0ab3a9-b60c-423f-a693-6d61236e20dd,leo.day@spotify.dne.com,6kvwcoub
2becbe2e-3234-47ce-92a5-0dad7de5059e,max.day@spotify.dne.com,cjtz83lx
30e8068c-e915-434f-bbd9-61af22de2595,nia.day@spotify.dne.com,b71aes6r
8f3afd85-1816-4812-bbb9-8560b3a06ede,oak.day@spotify.dne.com,hz02l3hu
350d9fee-8242-4e39-b1c0-5dd617a26a02,pip.day@spotify.dne.com,8lwubrfm
155f14ce-d9b6-4440-abb9-0e27d07856c6,rex.day@spotify.dne.com,ohybdqra
8398827f-9a78-4999-b710-6ece5353c00f,sam.day@spotify.dne.com,2dfsl4dd
1cf09b27-0895-4dfd-af89-2b757c71a193,tia.day@spotify.dne.com,ufxqebhr
0d691449-6f82-42a9-9f1a-af2c1cc1ab1c,uma.day@spotify.dne.com,lwz88zr2
52df23e6-d522-4e78-bad2-a01134261f05,val.day@spotify.dne.com,pws1bvn1
aa26e49b-9f6f-4da1-9164-af96398c9ac3,wade.day@spotify.dne.com,wt3hp0as
f9c257b5-6bbd-4f28-b52c-82d468148da5,xara.day@spotify.dne.com,yzx5qfuz
24157d89-371d-4f99-933f-c6a62eda1eac,yve.day@spotify.dne.com,iez4bzyg
1ab9b314-c521-46c3-b25b-67199d5034bc,zoe.day@spotify.dne.com,n0qxtuis
0c721d3d-4826-454e-ad82-b6ca53a8e74c,alex.ely@spotify.dne.com,qpx5qlt2
df855914-fa1c-4ae3-9580-cd377ea24382,ben.ely@spotify.dne.com,29m2rzv8
13e23195-d60d-4bb6-9525-4be34ee51553,cole.ely@spotify.dne.com,ffgkb4j0
0d5d0505-37a8-48ea-957d-969c763b3c98,dan.ely@spotify.dne.com,q2grc1s0
8d748159-054e-4a02-b120-81f397bc7c8b,eva.ely@spotify.dne.com,4cu02dbj
cbb446e8-8d7f-4d4d-b724-5d23165cad3f,fox.ely@spotify.dne.com,u6qj3nif
fd2b3e58-c1ac-47bd-90fd-4b602325cfa3,gus.ely@spotify.dne.com,xuw7iypz
d8d84428-0f5c-422e-aa42-2870eb899349,hal.ely@spotify.dne.com,btfjd61w
f4a3188a-88b9-42da-ac31-32cea83f0bf3,ivy.ely@spotify.dne.com,e4zh8q3z
52f6797f-684d-4f9e-ae4c-009a035d4a14,jay.ely@spotify.dne.com,25vw2k3r
a47df30c-3939-416d-b0f7-487b84eaf544,kim.ely@spotify.dne.com,z0r4bjhb
efd4d90f-0d4c-4e66-8af9-8e912d300ccf,leo.ely@spotify.dne.com,aiqbfxax
46ccdde1-acd2-421b-ab2d-3eb1f0f30e44,max.ely@spotify.dne.com,bktyo9mw
a3fa74c3-2b9d-48bb-9116-9929d0848e8a,nia.ely@spotify.dne.com,k8up9q7u
73adb391-5dd1-4343-87b4-eab2bac679d0,oak.ely@spotify.dne.com,6zbsv1tj
8f6e1729-4ab3-4712-8a46-7afe038f706e,pip.ely@spotify.dne.com,1l4dco0k
887e4370-6c92-4bea-af23-00bb045ceab9,rex.ely@spotify.dne.com,mukjinvt
e077bb94-2d31-43e6-8cf3-0b74de9e770b,sam.ely@spotify.dne.com,jwtrvnv2
cb284769-a3d3-4cdf-bbf1-9084d5a74623,tia.ely@spotify.dne.com,vqhzqkcg
b29cd2b8-8f15-4b97-9f5b-d6a4b93ca033,uma.ely@spotify.dne.com,g3ct9ao2
cbaa50f5-f213-41aa-9dc0-fcc52c8d205f,val.ely@spotify.dne.com,0mcc7pek
2d223c9f-0f48-4107-918e-509af27cd016,wade.ely@spotify.dne.com,8eqhat6c
50fbae1f-c75e-4fed-ad6f-6e976456328f,xara.ely@spotify.dne.com,h7et26k4
c642e36a-21d8-4aeb-8b88-0d5a0f3903d2,yve.ely@spotify.dne.com,5i150bqx
faa3d98f-b041-492d-babc-e18483084af6,zoe.ely@spotify.dne.com,t28gvt47
fb0cef96-152e-4861-90e7-9acb5556714f,alex.fox@spotify.dne.com,tcs827ph
3076a7ac-3870-4319-8642-04c38a66df07,ben.fox@spotify.dne.com,iqxxmq3a
bde72aa3-cb1c-44f5-8718-ac9b9e0057fc,cole.fox@spotify.dne.com,q9s8cvbv
2e5fc73c-b0ec-41a3-a86b-f18059ea41ac,dan.fox@spotify.dne.com,1u3vz85b
13c6b81f-d0ab-422c-91f2-50552ad79503,eva.fox@spotify.dne.com,fkvd9kzi
e3a5a2f2-835b-409b-baac-63d2833620b0,fox.fox@spotify.dne.com,f8pscp2d
f5d4500b-8a52-455f-bbb0-87f63f82f3fb,gus.fox@spotify.dne.com,xiechklg
70914ee9-fa2c-4260-b7c7-57878514743f,hal.fox@spotify.dne.com,3hc0p2vw
f2176376-4d69-401e-bf41-59117589f80a,ivy.fox@spotify.dne.com,wyadxxmf
fcdf975a-86ec-41e6-8dc8-2cb7ac8ee85c,jay.fox@spotify.dne.com,j3ckl7kq
5e135b3e-9994-4e8e-8131-5aba67e775b5,kim.fox@spotify.dne.com,77bd9aqm
75ba16d1-9fcd-4845-8e47-6e50ebc8a1ec,leo.fox@spotify.dne.com,cd8j1oar
2f549c4d-263c-4c67-9707-8431c6f1b9c7,max.fox@spotify.dne.com,dqq7jaiw
89b33f72-58cf-45ec-ae80-731d47b66823,nia.fox@spotify.dne.com,2cz0wuqr
bb2078fc-cd76-4554-a720-af21fb2ddbe9,oak.fox@spotify.dne.com,oga5dg0y
b5c6af22-0a8d-49b3-8b90-87b722aa3c0a,pip.fox@spotify.dne.com,wks0k7og
4568751a-9009-4ea4-a5c9-7c687fb69c1f,rex.fox@spotify.dne.com,8abxbnmt
952648fc-4b59-4bc7-95cd-f206aa70d8f5,sam.fox@spotify.dne.com,q20057gz
bcda9080-91af-4c3a-badb-3650758700cf,tia.fox@spotify.dne.com,onvjfrvo
7db14ca6-03e4-49b2-a9e6-b4c6be4f262a,uma.fox@spotify.dne.com,t61w7coq
4de71a7f-b65b-41dd-bf89-653dc8d977f7,val.fox@spotify.dne.com,pud8i95y
76ab32ff-528d-40ee-8b22-17527ef898ec,wade.fox@spotify.dne.com,wcdkm81n
f4a40550-0d50-4479-9fb6-216028503f6c,xara.fox@spotify.dne.com,xbz02djq
0013cfe3-75c7-4d66-9dec-8cd3ac1d51fb,yve.fox@spotify.dne.com,j2gycwqn
e14dc73f-dfbe-45ea-b1c4-1854c6610ddb,zoe.fox@spotify.dne.com,9k0y6ulf
88da2354-acee-4a91-8d42-2ef8e3fef715,alex.gray@spotify.dne.com,po11op8f
2f8b8957-d1d3-4460-9100-36d25b40acf2,ben.gray@spotify.dne.com,hjs3tj3t
109bc70d-c37e-42b9-8244-46c9f9477368,cole.gray@spotify.dne.com,ih29p5u7
b3ac5a94-b552-400c-91e3-8e23c9d902ff,dan.gray@spotify.dne.com,00evskea
23d389b8-11e7-4bc3-a375-8db06c12713d,eva.gray@spotify.dne.com,28khpxec
257b87b5-bf81-474c-a358-1e4df0d5a1bb,fox.gray@spotify.dne.com,s8mrwflh
c49a71c6-eff6-473f-b9d2-345c45a5c460,gus.gray@spotify.dne.com,w41wj2k4
28e2b717-831d-49ef-94be-a1651c96da19,hal.gray@spotify.dne.com,yo3xa6xj
2f0db7eb-cac6-40e7-af4a-f959699d4e87,ivy.gray@spotify.dne.com,ggqr5h1l
7c78d1a9-252f-4679-bcda-4d41f97bfeec,jay.gray@spotify.dne.com,ppx41ufq
91eded98-3771-4657-aa70-b9f3f05fc05a,kim.gray@spotify.dne.com,xshhyn9t
c19a7718-d117-4ade-b435-24c481ae7fde,leo.gray@spotify.dne.com,bx21wscq
dce791f4-188d-407c-ad19-758e8c9eda58,max.gray@spotify.dne.com,s5vjgo4x
7c7c349d-82f9-490b-bb15-ef56cb470871,nia.gray@spotify.dne.com,22lcy6tt
feffb76d-5fa9-4da4-b840-dfedf8c58dda,oak.gray@spotify.dne.com,7xnpiaon
4a8ce640-a967-4d5c-8bed-756fd24de137,pip.gray@spotify.dne.com,v9z3swju
a087949d-818a-4ba6-bd81-494261565806,rex.gray@spotify.dne.com,57fqi5oz
5f8dd6ec-37bf-49ab-b80f-c6ec89657d5d,sam.gray@spotify.dne.com,vev8tn0a
c31e826b-7b95-4db5-9dbe-2ba98c3fb842,tia.gray@spotify.dne.com,836kr6ji
53efc0b6-55d8-44de-adf6-f88b7a087047,uma.gray@spotify.dne.com,a95sc72l
f285ee68-498d-4b54-8eae-5abc14caa34e,val.gray@spotify.dne.com,1ja5r7r8
9808690a-1b47-4ddf-a34e-e8015d546ab3,wade.gray@spotify.dne.com,vakqz4kg
33a08463-44f8-4164-9fa4-ec5fb5106662,xara.gray@spotify.dne.com,l691wvcq
ac8dc454-332e-497a-8716-f08318511f88,yve.gray@spotify.dne.com,nv2uxyoh
c3cab995-b9af-4764-9b6e-6b045f1ba029,zoe.gray@spotify.dne.com,41cpdrj3
268eac7c-ed19-479b-97e0-cf6148064627,alex.hill@spotify.dne.com,matl8ad5
8d9ae9c5-df30-49db-93b1-59245bcc2719,ben.hill@spotify.dne.com,bum465p9
0ad027ee-2fa7-4a81-ad74-c089528dcff4,cole.hill@spotify.dne.com,s4u5krvx
b0409743-e056-47af-af3e-335ae07271ee,dan.hill@spotify.dne.com,lgzqdiyh
3042375a-31d0-41c3-8d9f-4ea414b7749b,eva.hill@spotify.dne.com,rah06nlm
812329d8-1581-436d-a711-b98f16788f53,fox.hill@spotify.dne.com,bj3dw41n
9cacb560-82df-4bf7-8451-68adfcb15758,gus.hill@spotify.dne.com,wbk2915w
42d58aa2-baf8-4639-8666-932f0a271684,hal.hill@spotify.dne.com,7rm7bsw6
2a1fc265-6052-4b7a-ad40-712fb8931dfa,ivy.hill@spotify.dne.com,ba3sh66j
d05b9b72-7c90-478a-b11a-0c52c8a4f157,jay.hill@spotify.dne.com,zzxej5sy
f0284795-c670-4033-88da-a33617d4edb9,kim.hill@spotify.dne.com,hjndjp4f
bc0164cf-0ffb-456b-bde5-245b12f4b59f,leo.hill@spotify.dne.com,has5fhm6
6005c9db-cfe2-4b40-b4fa-bc730eea6fa3,max.hill@spotify.dne.com,oh579tai
ef441825-29d5-499d-92c3-5ddaeaa0436e,nia.hill@spotify.dne.com,kp4pwm4g
fd7c00d3-17ed-4a96-9a0e-8a27f1accc10,oak.hill@spotify.dne.com,8811cmhz
4d39dba2-a59a-46e3-bb0e-2621b9a601fd,pip.hill@spotify.dne.com,j5ghu3zx
75bf6d48-86ed-40c6-a7a4-527ffa304b27,rex.hill@spotify.dne.com,ytcge22s
f1c05b5f-5510-4e0d-a77d-c45a9bd45ebd,sam.hill@spotify.dne.com,ilx7ob0u
1276509c-fcb5-456f-ad79-7d9590cfc057,tia.hill@spotify.dne.com,rk5tw7f7
e28d10f6-4a88-4506-a114-1f85422d8323,uma.hill@spotify.dne.com,w3ywkgpl
5a4f853f-0b9f-4d83-ad6d-488db7df9080,val.hill@spotify.dne.com,9jqyxkkw
fc4f8091-c6e0-4909-bf54-3e11afb40e0c,wade.hill@spotify.dne.com,huq6484x
5c618c9f-79d2-43d7-80c9-946080779e2e,xara.hill@spotify.dne.com,g99py25n
1d054404-977f-48df-985e-f6399f9ab927,yve.hill@spotify.dne.com,2ckifv6t
402d1277-99f3-4c51-b566-acffabff0442,zoe.hill@spotify.dne.com,o1tppzyl
