89b09f76-0279-4554-937b-7433cff80d32,alex.ash@uber.dne.com,8gtiyv8j
3f5a8fad-4719-48d8-b26e-9d3cd69dadb4,ben.ash@uber.dne.com,g9iuld0n
81a25203-b7ab-4db0-bf65-afcc3d70890d,cole.ash@uber.dne.com,pzuw0q39
51c2aa13-e792-4508-abc2-099a7e92faac,dan.ash@uber.dne.com,x790u3n9
1336dfb6-f0af-463b-b74c-e8065617d01c,eva.ash@uber.dne.com,wyshr4jb
92103a90-05f3-4e55-a1bd-282c8766f799,fox.ash@uber.dne.com,5tuq00n1
4a211f6c-5dc5-4ee2-9520-6e056fa7ef97,gus.ash@uber.dne.com,8c60xm23
d88fddff-e698-435b-b87c-3588a14c8787,hal.ash@uber.dne.com,82my7o5i
5c8e29e9-bce6-4f11-8c36-6231bfc3501f,ivy.ash@uber.dne.com,ab5yr45d
029d1728-afe3-4c45-a9c9-a74b9ecfcc35,jay.ash@uber.dne.com,kiqskami
f4fcff16-2303-412a-89aa-ff1c83bd7786,kim.ash@uber.dne.com,s4r7blcp
d69107e0-ff91-47a5-b8c6-305e796b4cf3,leo.ash@uber.dne.com,ear2uuen
1ba7f867-012f-4048-bdad-7b1b641c50f1,max.ash@uber.dne.com,10hfg050
d4de7475-d347-47ef-8fa4-57e4e262fc4a,nia.ash@uber.dne.com,ppsgweyg
ad2c7529-ba77-47d8-8f46-c3e2ade36f0d,oak.ash@uber.dne.com,lozsavfc
7541e7c3-fb52-4202-9422-51ab6b09939b,pip.ash@uber.dne.com,gdx7blgp
450ef48a-ffa3-4d11-998c-621d367cc8b2,rex.ash@uber.dne.com,9l6jgclz
bbee808d-ec98-4a36-9410-8fc5299f40d1,sam.ash@uber.dne.com,ikw7zkoo
2dfe47f4-1d0e-43dd-b4bf-f934e4ee0219,tia.ash@uber.dne.com,4g2apevc
c77afc18-fca6-4c75-b090-9c8a92aa1787,uma.ash@uber.dne.com,um7lmedl
e81bf842-ecab-46d8-9740-f0142a4d009d,val.ash@uber.dne.com,pdvwx6l7
b251ab46-885a-4e81-a9bc-da7a28f98515,wade.ash@uber.dne.com,t00oj42u
732cc6fa-f8a1-4a27-912f-b462bf17d92e,xara.ash@uber.dne.com,oswdmhub
10f2bbe5-39bc-44c3-87d6-04237ba4d0cf,yve.ash@uber.dne.com,wvgu7ryx
979553a2-959a-4526-b66f-b77c746b3356,zoe.ash@uber.dne.com,25bqbpd2
067c3538-4656-46e7-8ac1-cc271f0a56a1,alex.bell@uber.dne.com,wetw5q62
0a4b1794-f754-41e0-aa0d-035ebbb0fa85,ben.bell@uber.dne.com,hg7zzw9w
3ec5ab16-3033-4cb6-ae8f-fa403dd8e3cf,cole.bell@uber.dne.com,87aul5w8
ffd04e00-d039-4459-8900-5f5c689c9d4a,dan.bell@uber.dne.com,5t92pguq
4d8c2b6e-f3b7-41df-87ca-31a285940e81,eva.bell@uber.dne.com,z9wxc7pl
e2ad2abd-cf7b-4546-b15c-29565edfa32e,fox.bell@uber.dne.com,td6wss4h
58915d33-6ed2-454d-8080-450e2227c985,gus.bell@uber.dne.com,aa73orzk
df45615c-85e9-40d2-94b1-2b3b3a6630e3,hal.bell@uber.dne.com,zts03ei6
bcacbdb7-36a7-4423-85a0-02ecc6e2ba78,ivy.bell@uber.dne.com,4bbgwo59
edb45f1f-f7c7-43da-a234-6331455cd728,jay.bell@uber.dne.com,k8tskc38
7b5bba17-b5d7-46a7-a4fb-182d94b4ca9a,kim.bell@uber.dne.com,xjnmonu7
f1ea5859-379d-423a-bbae-8057a8c39768,leo.bell@uber.dne.com,uqdsoecs
c399a099-3493-45f4-9fbd-2bb581010ee1,max.bell@uber.dne.com,ro9d7qm0
43f2c674-1342-4cde-accd-bf6eb6362328,nia.bell@uber.dne.com,po9jcgva
1829c5bb-3200-4730-a5cc-e93bed450c87,oak.bell@uber.dne.com,ahub6dif
d2732dbc-ede8-44dd-b485-b2aefdaec29e,pip.bell@uber.dne.com,8ipksgl7
52cbd449-d57e-499c-8384-d40d61cfa0a7,rex.bell@uber.dne.com,2jxwy2pn
219f8e46-d971-4483-afcf-fe83f0362cf5,sam.bell@uber.dne.com,s1fms9nl
3fc81504-e7db-494b-8e92-d1511f52b278,tia.bell@uber.dne.com,5zrfw41g
7a8cc431-94e9-4965-b400-25b126482f78,uma.bell@uber.dne.com,rxh2x17x
5384a528-8447-4511-8034-2d29868e7740,val.bell@uber.dne.com,l95dtte3
2f752b69-ef6e-4cf7-aa25-34ea8556be19,wade.bell@uber.dne.com,0463tqx8
4a0e420b-8a5e-4934-9e05-4ff251be920b,xara.bell@uber.dne.com,zuirxi78
30e93b42-8524-47cd-a351-aa31d24b298c,yve.bell@uber.dne.com,t56npzmi
c95e6ad5-3837-4869-80e7-337b6afdba71,zoe.bell@uber.dne.com,wto45t7s
e7a5bc41-79e4-4913-83a6-0080dbb7e61b,alex.cox@uber.dne.com,8v40ah8b
738a7e5c-dea9-48e0-b05b-a4b46c5275d1,ben.cox@uber.dne.com,0006suq6
f4e92f97-c78b-4a91-8ad5-dd0d812244f6,cole.cox@uber.dne.com,4g79jx9t
701081e9-9744-4dc8-a3a3-ba2f8f837b2c,dan.cox@uber.dne.com,j4yz42n1
60eb1bc5-4984-44f2-8211-679965e148af,eva.cox@uber.dne.com,upvsygw0
3c500f2c-2609-4e14-9de6-5f94bc54d226,fox.cox@uber.dne.com,g82oae3w
5097ce90-b237-4bef-8760-e728254a2df2,gus.cox@uber.dne.com,0ey6s1xh
f4579432-052f-40bb-9da5-ec3356125e49,hal.cox@uber.dne.com,ol27o4cs
944e91a3-723f-458e-ab39-3558c3cc6f90,ivy.cox@uber.dne.com,m1jjhana
6480aeca-6751-4dae-ae49-7a9401c2171e,jay.cox@uber.dne.com,a63hll9f
acbd92d5-294a-422d-9426-af8895de44ef,kim.cox@uber.dne.com,txoxgg17
7f272f28-a9f3-4d1a-b74a-fe39277cd26d,leo.cox@uber.dne.com,sbryc17h
98b43980-e8e8-4ea9-9eb7-c2acfa23a649,max.cox@uber.dne.com,rmsj5btt
20e1c9bd-0090-4197-846a-12a98e76fe19,nia.cox@uber.dne.com,84iw2adx
119343c3-815d-4015-ad7c-6910380e2df4,oak.cox@uber.dne.com,bes374r2
3933958d-d391-47c1-a154-e05dbd6b1d6d,pip.cox@uber.dne.com,z77q80bi
6d073614-1453-427a-94dd-2e87a230bd67,rex.cox@uber.dne.com,mz406dmd
09c4d313-6238-4e8d-af2e-9b1f806710e5,sam.cox@uber.dne.com,5veqppsh
5716b73f-582d-469e-a40e-106173732f9c,tia.cox@uber.dne.com,phhytbg5
4e00dea5-1f10-428e-8923-c3a2cfbc7abb,uma.cox@uber.dne.com,py0bswqn
4c5b694e-8308-4179-aef1-fbf572d3a081,val.cox@uber.dne.com,p89zk1en
ff00d86c-87cc-4b53-8c0d-6d8499026c00,wade.cox@uber.dne.com,k9xuwy3p
1f05a2f9-7898-483a-bd6f-6401e2ace27b,xara.cox@uber.dne.com,us90icsm
aabecdbf-9ca5-4b7d-a60e-87370caeab34,yve.cox@uber.dne.com,no58i548
f8b36dd8-937c-420d-9533-975aced23256,zoe.cox@uber.dne.com,6zvdgbs4
c60a89e0-02f0-47d1-9a98-d4efc9b56188,alex.day@uber.dne.com,vv2vr2o7
d6e4fc89-2e4c-4169-9991-39d073fd2ad0,ben.day@uber.dne.com,0v2cvwop
428577dd-c81b-4db3-8873-4fc2901c0bce,cole.day@uber.dne.com,t9qssm9w
1eb84bb0-7b4c-43d8-956f-d082b8ba7e84,dan.day@uber.dne.com,t2lqidu4
609f51e3-31f0-4ca3-ba40-244f93ace1ff,eva.day@uber.dne.com,l6e1twym
7f728ff3-e633-49de-a384-64673b973517,fox.day@uber.dne.com,e7d5j715
ffdcf944-4540-4d61-a8c1-3226657d1e42,gus.day@uber.dne.com,vdqibhsl
8f2d16dc-fdd3-43e1-ab1f-8df09e35714d,hal.day@uber.dne.com,g55bpa1l
202c989c-3050-470a-9848-80d82b8fe139,ivy.day@uber.dne.com,akgps86g
d4b11f68-aa62-4834-a217-a7e4885c354a,jay.day@uber.dne.com,j816m6yi
f1f24c18-e1eb-44d8-8048-395428693c34,kim.day@uber.dne.com,m7pog9uv
f740dd08-2a98-41eb-a83d-80c6c5aef76b,leo.day@uber.dne.com,vgyk5yj6
38e022b4-e9a9-4314-a904-6aaf533facd7,max.day@uber.dne.com,v4l0urjm
def048ce-73e7-4048-a766-f81b3c0c283c,nia.day@uber.dne.com,to635eyq
f76332f5-9d08-41c8-b5b3-0e2d1ef857a5,oak.day@uber.dne.com,7qw9jzu2
ff27fe7c-99b4-4d41-bbd6-33aca0fe1395,pip.day@uber.dne.com,9l96a178
e048b136-2974-4355-b269-716f3e58f21e,rex.day@uber.dne.com,8ixevrd8
251f3dca-5db0-4f94-a231-5882cb1cf544,sam.day@uber.dne.com,yestkb6d
0c3bd4f6-f99e-4111-99a1-b09e67512b51,tia.day@uber.dne.com,o2pps23m
8f755f7c-42cd-4960-b7af-87570478a9fa,uma.day@uber.dne.com,2o1lwytz
f999e2bb-33ad-431f-a66c-5bfd8ae8cd4c,val.day@uber.dne.com,g6k141x2
12bac6be-c4ed-401f-84a8-6cbad01be7da,wade.day@uber.dne.com,saprdpi5
f2470cea-72a3-42e9-a64c-2d52cd821ffb,xara.day@uber.dne.com,b78culuy
5d5118eb-f04a-46c7-b6a9-d9dd88e24e6f,yve.day@uber.dne.com,eeszxh84
93d8a17f-bf44-4692-9648-4a3ea9c74e73,zoe.day@uber.dne.com,mmv8woep
68a9890f-b21e-4ddd-a910-61b9fe221859,alex.ely@uber.dne.com,14rbzuuf
9852d0af-b64d-42c1-acfb-38dfb7a7a165,ben.ely@uber.dne.com,nz56o3nl
40e9f8a3-6287-465e-9bf3-96ff6ad59c76,cole.ely@uber.dne.com,q7w23qlx
81e0a992-1a89-4483-a5ab-de48a388e509,dan.ely@uber.dne.com,5xjnqw2b
b00eb66c-2d76-4a1c-86f4-39114efae511,eva.ely@uber.dne.com,any4zsqb
c2361ce7-920c-4684-b0bf-3c7916d6fb20,fox.ely@uber.dne.com,402iazsr
598140da-5584-4af8-944b-b5c60adf1c0e,gus.ely@uber.dne.com,n0ab41nb
0402dff4-9d52-4c42-ac22-b1df74c133ce,hal.ely@uber.dne.com,hqgeyfrz
26c1d137-e9e9-4f0a-992c-261f709c3f05,ivy.ely@uber.dne.com,tcioz1kc
cdd6b785-0c91-400a-aad2-a67bc3b4cbd0,jay.ely@uber.dne.com,wliqy0hv
b9cc5b14-3153-46a8-8a50-a01a27d7264f,kim.ely@uber.dne.com,r1lhf3va
197bdf8d-0504-4e60-83b7-28f55cfb7f93,leo.ely@uber.dne.com,96lknxkx
3c7206a4-6aff-4d79-9893-513a6c7b49a4,max.ely@uber.dne.com,85ebydlh
b8f54d7a-c6fb-47dc-8ecb-ea38de9f579f,nia.ely@uber.dne.com,ijto1aei
f0f097d8-9de3-44c2-9338-8be0b819fffd,oak.ely@uber.dne.com,39oyx0dj
0007d6f3-a7b1-410d-8579-aea28cbfa8f6,pip.ely@uber.dne.com,5klt3jvu
852056e0-6d61-4fc0-b3c0-2112974c930f,rex.ely@uber.dne.com,5xhqvd4u
69bfcab0-8f74-43f8-8877-0afa2e9db1df,sam.ely@uber.dne.com,6sshscnc
70f2ee01-652a-41f6-a8a1-fee92aa3b06e,tia.ely@uber.dne.com,k3xzpwn7
8e592ad5-fb67-4cf3-8773-d4e9e4ecdcae,uma.ely@uber.dne.com,jj4d0nom
79a01509-25f7-42a6-9747-eac2f1ea1c0c,val.ely@uber.dne.com,lgnb9ivd
5a8be58b-f365-4ff5-8d11-32ec6502164e,wade.ely@uber.dne.com,0b761cuf
55abb035-46ab-437a-b631-2968a00682d5,xara.ely@uber.dne.com,qeak6pdc
640b3689-9228-4e88-97f0-2f130c667996,yve.ely@uber.dne.com,qstylr3g
9146cf22-e32c-4df6-96c6-8326473f3dcf,zoe.ely@uber.dne.com,ru7n9xmb
8d539233-3a9f-4219-b074-a401aa6c7032,alex.fox@uber.dne.com,ys6pxbm7
794f04d9-8dc1-42d4-b266-43b1cbefb120,ben.fox@uber.dne.com,mt5ohxqc
0f406c04-1fd2-485d-b487-56294aacc375,cole.fox@uber.dne.com,5gm5rzyi
bdc3f051-d21f-4a59-8d00-62e30ca16e0f,dan.fox@uber.dne.com,0yghdcf7
984ffd2c-1a9b-488d-9fb0-ef36fba9715f,eva.fox@uber.dne.com,vnclc45z
354d5f42-5d27-41f2-909c-75ec2398e174,fox.fox@uber.dne.com,1k7ll43p
60f33358-9863-45e8-93ba-076f91af93a7,gus.fox@uber.dne.com,4q166740
055fda7c-f060-4a09-8aff-ed91c1429b39,hal.fox@uber.dne.com,gpdvyrff
76d172e4-c857-47ad-acca-9bf26132b72a,ivy.fox@uber.dne.com,y9o1t0y6
a11fcf43-89f4-45f1-a832-cc6ed0ac5c84,jay.fox@uber.dne.com,xux4ibwh
b6c265c1-db2b-4b6e-95ff-ad17eb5a7b31,kim.fox@uber.dne.com,j05k9l9g
65565ced-1435-4447-a73d-dee14c39dee6,leo.fox@uber.dne.com,dfhaa5lm
8e56f027-e0db-4c81-ba7e-32979f419b5b,max.fox@uber.dne.com,mrpq8i8t
3c1500cb-e064-4a72-b740-30714d40147a,nia.fox@uber.dne.com,l6l6y96u
98431a36-dc34-4628-a67c-9eb613743e7a,oak.fox@uber.dne.com,jujbjqrs
3486a7e2-b215-4bd4-b6eb-4ca2fed89643,pip.fox@uber.dne.com,hlqfvdmt
b17b85d2-be2e-4338-8498-b55195bc1d62,rex.fox@uber.dne.com,8l5zb4g7
9a96ba82-ce04-4664-a3a5-68e7d13bd2e9,sam.fox@uber.dne.com,veug85o5
a4af2510-f2b1-4132-b2a6-466f89d44358,tia.fox@uber.dne.com,wvamjtj4
f7243e7f-8c02-4039-b66f-8470acb9ec82,uma.fox@uber.dne.com,sd9k9ccr
fbc8617f-5ec4-4da9-8e5d-4c36d22525c3,val.fox@uber.dne.com,525asupj
9e7f2a51-7649-4eb9-af99-24fd7c9ea297,wade.fox@uber.dne.com,6o0tiavh
e935e7bb-acd2-4140-a8bc-fb0e7a262e22,xara.fox@uber.dne.com,z0xyzvmj
8c0b22f6-c6f5-4e66-9f3c-009d97c95f63,yve.fox@uber.dne.com,285airaz
0a55075c-26ad-4d9b-822a-4bf1ac8fc7b4,zoe.fox@uber.dne.com,ar0mcla6
8e2387ca-819a-4413-8990-ba7a315212ba,alex.gray@uber.dne.com,tuasuocl
3efe4a26-ac56-466e-9ddb-53bdf47c766f,ben.gray@uber.dne.com,d3zewk4d
427434cf-8b44-4951-a2cd-b8fa0052131a,cole.gray@uber.dne.com,k6mwg8kz
50e5595b-1a5a-49e4-acd1-19777798d7f8,dan.gray@uber.dne.com,cwrn5syb
39a69a11-ad75-4866-9405-3f196e51e6aa,eva.gray@uber.dne.com,j7347qxp
5ed5b138-9dd8-4bb7-88d7-444b2a449358,fox.gray@uber.dne.com,ztrfs21d
2204da5c-4b8a-49bc-8b04-0566304cfefa,gus.gray@uber.dne.com,hheg3mlj
d4a8dbb5-f0e1-433f-9ec8-975952aee1dd,hal.gray@uber.dne.com,bjckxddp
3f8394e2-fc44-44d4-96f4-cd242570f3e9,ivy.gray@uber.dne.com,m3aouqqh
9908535d-4e65-4898-9774-e02a084e0798,jay.gray@uber.dne.com,x28d8joa
048c8b21-7d71-43bd-a4ee-6ef26d667b6a,kim.gray@uber.dne.com,7r089kn7
79625105-1171-4f1c-968e-6fe4dedcc76e,leo.gray@uber.dne.com,rymr6yit
39d670d1-ca6f-4de9-930b-feee6d8682ac,max.gray@uber.dne.com,duvppbgx
7694e5f5-3f58-4a40-bb48-bc85c5cec696,nia.gray@uber.dne.com,uxo7uari
ec01a60b-0dd7-4b80-994f-81b908098261,oak.gray@uber.dne.com,3lmsla9q
b4e30150-6577-4eaa-a6cc-5ec04f0b17bd,pip.gray@uber.dne.com,rxy2dgqc
510b7575-12be-4d4d-b36e-6dc63baec722,rex.gray@uber.dne.com,2784viv1
b468f2f6-21bc-4090-9292-04cc4e1eafc3,sam.gray@uber.dne.com,7llgqutj
534270b5-e76a-4e51-be0a-67511df0da6f,tia.gray@uber.dne.com,qr87t4x0
b54bff61-d0d7-45f0-adfe-a614a9ba517b,uma.gray@uber.dne.com,jdb1peqz
f39bf709-4c41-438a-8e68-7f501f22fa5b,val.gray@uber.dne.com,dv0h2gmn
171051c1-5996-41e3-80e1-00105ea9df2b,wade.gray@uber.dne.com,jgul1weh
fb53be65-5420-46d5-8d63-c34c10532b15,xara.gray@uber.dne.com,i74esz5b
4f452f73-d456-4c18-980b-2341f9df63ac,yve.gray@uber.dne.com,i74qudft
bfd05d35-0ebd-446e-8cb1-1d70ac662bb1,zoe.gray@uber.dne.com,slqa4wkb
386352ef-38f4-443c-bb4f-4fe80c05d69f,alex.hill@uber.dne.com,lyu47i0q
3a8b9d8c-a663-4f67-81a0-e7e10fe84c19,ben.hill@uber.dne.com,2w7uco2f
4a6a7e88-3b0f-47a6-9daf-936322bc6b7c,cole.hill@uber.dne.com,vwpbv9yp
fca5d761-fc90-4ae4-8adb-083aabf3254e,dan.hill@uber.dne.com,h96qstqk
1b6b4f45-e156-4b03-b0e7-8dcc7b96a269,eva.hill@uber.dne.com,ycq86vsr
662dcaad-b2c7-4be6-92a0-de20b96206a3,fox.hill@uber.dne.com,l7rfip2c
cf8e8600-d333-4216-857e-02a15a3d9c31,gus.hill@uber.dne.com,6gpl5dft
f78a8181-cabe-4101-afd0-fc89c2783f10,hal.hill@uber.dne.com,6e76zz9p
f49f1b16-3a28-425f-aac1-027d018730aa,ivy.hill@uber.dne.com,9pwu3mul
5daf0e4b-1a6f-4781-9f11-02b76940fa6a,jay.hill@uber.dne.com,s310lozr
2f0698c3-4957-4aa3-898e-6bc1ba8eefa0,kim.hill@uber.dne.com,57xvtyfy
400e43d9-a771-40fb-81e8-7ba694927bd8,leo.hill@uber.dne.com,lhqjh2wk
53de2fd4-9a3c-4cee-a671-8585c221b392,max.hill@uber.dne.com,sb9ew4nl
011759ad-6a5b-43fd-99d2-97dd873d233c,nia.hill@uber.dne.com,7u8jt5ax
f0f3c063-fd61-4fa1-a963-4deba3f9492d,oak.hill@uber.dne.com,3k1wyhdc
0fddb526-a2c5-4f4a-b693-330567d3179c,pip.hill@uber.dne.com,sh581m2d
02988cdd-a359-4c58-8217-cde05d291d0c,rex.hill@uber.dne.com,8ftu17n4
760a9a00-46e4-41da-bc9d-7ec237bd2350,sam.hill@uber.dne.com,zr01lttq
3bf799f7-30c4-42f6-9675-5f9810869788,tia.hill@uber.dne.com,068ixqed
54b2edb2-d52f-44dd-9de9-e6bf78394fec,uma.hill@uber.dne.com,89hm2xp9
5d56ee18-760c-427f-aeb5-2e5de9859349,val.hill@uber.dne.com,5qdmbugb
a0c2117c-0291-456c-bbcb-a04f02c05bd6,wade.hill@uber.dne.com,h92md5b9
38e18def-f8a1-4ec4-a7e1-2f159fb4e7e8,xara.hill@uber.dne.com,im0djk1l
b40755f7-3900-4aea-927a-b69a431c572d,yve.hill@uber.dne.com,mow2tzpf
b417428a-2589-4f78-8d59-3f485a4f319a,zoe.hill@uber.dne.com,psg5jkym
