256f9022-ccab-4ad3-98c3-ec2301f163cd,alex.ash@slack.dne.com,xme3u9qm
8bbb5fff-1149-4ba0-bfb4-9451e4776569,ben.ash@slack.dne.com,dzc6tyq7
1b870e2a-1cd9-463a-85ff-2e5e8a1f65ee,cole.ash@slack.dne.com,7j3k25i9
3d354013-949c-4f08-9e77-3fff5129dcea,dan.ash@slack.dne.com,ggbrkvi6
e48af2d7-a81a-4a10-9e2f-9b3a372b6e9a,eva.ash@slack.dne.com,fbcwdah5
fa08e28a-cade-4b3b-afcb-c61f74f67a0a,fox.ash@slack.dne.com,o4zp6q0c
7362630a-2f6c-432a-bc02-45cf4180bb59,gus.ash@slack.dne.com,1iklqk56
43607478-f800-4f9f-9d3b-e135e5deaace,hal.ash@slack.dne.com,0rj5szeg
d1d23f71-87fd-4c26-a495-ee559ed2894a,ivy.ash@slack.dne.com,3wwsaj9m
4abbe9c7-6cbf-4995-adb5-4992a4a8c2f9,jay.ash@slack.dne.com,4300rrvc
574b62f5-bea0-45c3-8fff-102706fb1d3e,kim.ash@slack.dne.com,tvbusgqy
2b1ecb42-8258-4bb8-a37e-c729cb6d3381,leo.ash@slack.dne.com,vzywsy03
5d59ab79-b186-4a67-a4c9-8abe7deb0bcc,max.ash@slack.dne.com,gc6ajm1q
2a968c42-825c-4630-88e7-08a5a680d415,nia.ash@slack.dne.com,ez4xcpl6
7eabc906-0221-4d3c-ba42-82c3afa95b02,oak.ash@slack.dne.com,ttcy3q2i
97122370-e7a7-49c9-ab6e-e79c84d99b8c,pip.ash@slack.dne.com,0kiurxsb
955b1640-2cff-41d0-b936-1289cc949341,rex.ash@slack.dne.com,blpdwmp0
596e37cf-b6cb-4dbc-8225-325410a242f8,sam.ash@slack.dne.com,phpzmxij
802eb289-3e91-410b-a273-7eba1dabb0b0,tia.ash@slack.dne.com,herloifn
08c24b7d-8df7-455a-ac8d-c208c7ac1d17,uma.ash@slack.dne.com,6ig803i1
36c69359-11be-4841-bdc4-bb6f1bddb05c,val.ash@slack.dne.com,uceyl15k
f049e964-60a8-4ae2-9aa3-e95e8726f693,wade.ash@slack.dne.com,coelxyst
bb1b97da-a0de-4fe6-bc8e-7b132f62a922,xara.ash@slack.dne.com,y7znxcqv
4d9ac738-0d26-41e9-a622-122984b04dc3,yve.ash@slack.dne.com,apk5jxmd
d16f03ec-13bf-4f74-a60c-db09ede3a7b1,zoe.ash@slack.dne.com,t10vpwyp
c685eb2b-f8b8-45e8-b51f-8425594e769b,alex.bell@slack.dne.com,9z5vz9vr
3d8b80a5-e293-4932-9915-2624c7aafd26,ben.bell@slack.dne.com,8k0b03t8
7aa9d789-eafb-4f19-b17a-1cfa83c7647c,cole.bell@slack.dne.com,ohpua3vf
5b1fbb80-ca54-423b-98ed-4ced3ca0b35c,dan.bell@slack.dne.com,4ozs8ey9
9442b882-ed6b-4f2f-8f82-b80a0cc32801,eva.bell@slack.dne.com,zajqffee
de48fc89-b818-4632-965b-608569eb9092,fox.bell@slack.dne.com,jiajgxsq
7fdd8239-97d2-4df4-a431-889e833bd764,gus.bell@slack.dne.com,pa1w25li
068a4032-c92e-47f0-88a2-d9b6b92745b5,hal.bell@slack.dne.com,idktdvv3
d58fc027-eb5e-4225-bf74-58d9b28a8ab9,ivy.bell@slack.dne.com,p9v8sgix
aab2c82b-cc85-442e-bd6a-fc74aee11762,jay.bell@slack.dne.com,9iet0kvi
0414b590-c552-47b8-a9a9-79f1c597dd43,kim.bell@slack.dne.com,cfn3aik0
79fece36-6639-4891-9dda-f922d381aece,leo.bell@slack.dne.com,njnnw78t
dcf0e4f6-84b5-416e-b558-23271fab5157,max.bell@slack.dne.com,w20l2afa
c4fd4bed-5a10-4781-9833-c6b8aa0a9096,nia.bell@slack.dne.com,mcyx8wub
ad3a8222-4455-4b67-abbb-9002a9c96133,oak.bell@slack.dne.com,61yu2su7
c0ccc8ef-b8a6-447f-917e-4667e1e74fd4,pip.bell@slack.dne.com,d899qa80
45307dfa-5461-4a88-b497-08206e249e51,rex.bell@slack.dne.com,uq3rsvj2
7defc54a-c45a-4ff4-aa9e-d187d9409775,sam.bell@slack.dne.com,8q60cs62
5e1019e3-a847-4967-99d6-5327096f58f5,tia.bell@slack.dne.com,rs9mwl77
03823d39-8e0c-4843-91f5-f6dcc9d5ba8b,uma.bell@slack.dne.com,rnyj3rph
7d77c848-582f-48b1-9ba9-852fffc31be2,val.bell@slack.dne.com,ffzgymvl
b17ce8f8-81cc-499c-90f3-4149bc64c905,wade.bell@slack.dne.com,40z1ll6r
404d45d3-c0f2-4692-aaa6-9fdff8ccb19c,xara.bell@slack.dne.com,szwfu46s
c6f37fff-f4aa-48ef-9ab3-8d3736a1aa9d,yve.bell@slack.dne.com,ld5hyni8
dc65b932-a5ac-4373-b4fc-a8f7931516a6,zoe.bell@slack.dne.com,8y9b6gox
6a0e695a-1a92-4125-8c8c-740522dc4e90,alex.cox@slack.dne.com,iku7koy1
f995559e-9b0c-4e5c-81b3-3ea4f2853779,ben.cox@slack.dne.com,mskr871w
1f52d04a-7151-455f-bc3c-8a5fd90582c5,cole.cox@slack.dne.com,q92vmabw
89f91c50-aa9a-4aa8-80ae-d1af453e8ecb,dan.cox@slack.dne.com,ehi7jxhn
06d9f27e-e496-4755-bacf-22a325d75a85,eva.cox@slack.dne.com,y9two6xu
c84a9f6e-0486-4e42-aded-0eef2e2c801c,fox.cox@slack.dne.com,ft65gteg
d8ab4ef6-8baf-4627-b030-8dba98cffc68,gus.cox@slack.dne.com,f46zefof
7c986548-5c47-4b9f-992d-b85c6d941bf1,hal.cox@slack.dne.com,dl00z4ze
d9db29c3-310b-4aa6-88cf-b35d2f8fbb19,ivy.cox@slack.dne.com,kg2cqu4j
1648145b-fe3b-4daa-bdcb-73692c470bbb,jay.cox@slack.dne.com,rxysg73l
0cfd6e36-209c-43be-bc3d-a258020faa90,kim.cox@slack.dne.com,kc9pjss1
885c7720-a956-45f3-8e51-33e21b2adaad,leo.cox@slack.dne.com,libjfqaj
f8f86e6d-192e-45d3-9588-b72f0049e501,max.cox@slack.dne.com,030sbzd5
1d276bb8-5916-4a48-9ac3-fdb3b6d3e89a,nia.cox@slack.dne.com,0na4powk
15a3d2f1-945e-4f87-bd66-e40ae54b7603,oak.cox@slack.dne.com,92ruf1t8
92ce114e-33c6-4a7e-bd6c-ba64d68ce0ca,pip.cox@slack.dne.com,on7bibs7
b67ff12d-2563-46d5-b16f-a7a16f7ca061,rex.cox@slack.dne.com,k7k2r93h
a70979fb-fe56-4d1c-b69b-773114b6573e,sam.cox@slack.dne.com,6s97k9ld
154f6afd-c3b1-427f-985e-10eb7e74df3e,tia.cox@slack.dne.com,qfy9p6lp
cb19496b-f0ca-4a20-aab4-bfacc0b32872,uma.cox@slack.dne.com,nlw51veq
d321d979-e291-4f5d-b633-d0258ea7ef19,val.cox@slack.dne.com,3llvzsyf
69b6ba86-44c2-4172-afaf-6ef3f4235d30,wade.cox@slack.dne.com,os289omh
a02c0553-8129-4360-9081-34089ad0a18d,xara.cox@slack.dne.com,rrpozlpr
bbd58384-269c-436c-91c1-340fb526e8b1,yve.cox@slack.dne.com,dl7lzwej
61c86453-1291-4949-afc2-c462ec57ff5e,zoe.cox@slack.dne.com,w3rhvbv3
b451cb28-fdcc-4f37-a67e-90d3942a5264,alex.day@slack.dne.com,lob32h53
6c29a8ae-aeb7-4d6b-8cb3-69a79be6c60a,ben.day@slack.dne.com,t84uy27r
ef410b21-5705-4ec0-8b05-67a6795d8693,cole.day@slack.dne.com,2zb3a74b
1fba80de-d34a-48f2-b81f-e627acf57e2b,dan.day@slack.dne.com,fl43260b
0754469b-c982-4709-8cb7-f4634971b32c,eva.day@slack.dne.com,fxu7uucx
f3f89005-096f-4e26-8e41-951efdeb2537,fox.day@slack.dne.com,vh49hcew
df3d7574-d9ec-4696-84a0-1035d92184f0,gus.day@slack.dne.com,8obg0ebc
5ea7fa3d-0003-42f2-b8ab-394dcf58f261,hal.day@slack.dne.com,t2wli8tp
ea87b002-6c75-48b4-843e-1ff68c500dc6,ivy.day@slack.dne.com,hlynlxwa
20d700d7-ddc3-4cf3-bdd1-e63cc7f78bf2,jay.day@slack.dne.com,jsz6crq4
7fb70f5c-3382-4c6d-b579-713e594839ea,kim.day@slack.dne.com,p1farpcx
1a65db27-9d45-4b7c-8a6a-efa5bff8da1c,leo.day@slack.dne.com,ys2e4z53
6a723fde-8d41-4d75-9caf-4b1e68b1e262,max.day@slack.dne.com,msi9yzr4
1366250a-d582-4c86-8de8-b4461de3b815,nia.day@slack.dne.com,ont3caie
f1689dec-6d04-4df7-b550-ad9a091adbd6,oak.day@slack.dne.com,2thxew4p
91a52e23-6433-4012-9244-5d86c5d36f1d,pip.day@slack.dne.com,szcmts0a
2f2167f6-e553-458e-a7fb-d4161cfab4a7,rex.day@slack.dne.com,plvjntcl
b16b2d09-08b5-4094-ba96-2c7be26048ac,sam.day@slack.dne.com,df2y4sh5
e287a6db-e112-4b60-a3bc-ce6b570e8aa5,tia.day@slack.dne.com,62zkzrex
1a152b78-a4b5-433d-beb9-29bb266f92a2,uma.day@slack.dne.com,z2crni75
4081af31-bf55-462f-b476-61f777a5797e,val.day@slack.dne.com,b07h97k5
45c07a9e-d2b6-43a0-9fbb-34b08e0b2f12,wade.day@slack.dne.com,d2rizv8a
37489be5-4938-4994-bf5d-338f1cee37c2,xara.day@slack.dne.com,1slv73ki
0559b6d6-8453-4ab0-ace2-87dfcb1fcef1,yve.day@slack.dne.com,lt71s3jb
5af70b21-39ba-4bc3-8f05-e61029a7dd37,zoe.day@slack.dne.com,mogsy4hp
0f7df57e-bd31-4c45-ac84-d1150e3b10b8,alex.ely@slack.dne.com,27bp481z
835334eb-d9b4-416e-8aa3-65c6496c10a5,ben.ely@slack.dne.com,wk4qy49p
8d66380d-50b8-4b18-8025-1e05844b2257,cole.ely@slack.dne.com,ux8tjaj4
3e865990-eff1-4065-b077-365aa371dc9c,dan.ely@slack.dne.com,30wgxidc
73a7c605-63f4-42d2-94dc-0fd2a0f4b1bd,eva.ely@slack.dne.com,k53mvvj1
f6a01c34-c0cb-4173-a884-56780aa21984,fox.ely@slack.dne.com,o50fowee
61086292-bfd9-43e6-96f9-c4c81df867b1,gus.ely@slack.dne.com,ot3huhuc
a6e6d8f1-be9f-4259-90f3-c8c9fd7d7716,hal.ely@slack.dne.com,0wum4oe5
e44c7383-faf8-4454-9ea4-b9ec3992d018,ivy.ely@slack.dne.com,x37nd7mx
7cca0ff5-2c83-43d6-a865-c62eaab06d89,jay.ely@slack.dne.com,cjkynxu1
e966ac72-3d6b-49bc-a607-47b92bb0262e,kim.ely@slack.dne.com,0xybegq8
3df1740b-6ea2-4eec-9ac0-c0ed41eb72c3,leo.ely@slack.dne.com,7vbb6s0r
5f39ef92-a7fa-414f-9081-0744d61aa22c,max.ely@slack.dne.com,math03zw
71925d31-b297-4c31-b4e6-923e75a8988f,nia.ely@slack.dne.com,ijoirk44
08b62112-c304-4c56-bc5a-fe69d5fc9561,oak.ely@slack.dne.com,do3phm78
842ee119-786d-444f-9811-8ebb2ae8cf8b,pip.ely@slack.dne.com,jmzluuh0
b550efcf-e255-4f5a-8055-3424535a288e,rex.ely@slack.dne.com,pl9sr8zn
fda79ba9-b9b7-4a2e-bbe4-3ca909eb15b8,sam.ely@slack.dne.com,0xi1fie3
05b5be4d-65c4-47d2-b692-f200d380e0b3,tia.ely@slack.dne.com,oir11b9g
1d79d87e-1696-41fe-9fa0-c5f91a05f9b1,uma.ely@slack.dne.com,cfr2rlja
64f750c5-f9b7-492c-bdf0-280a031ec1fe,val.ely@slack.dne.com,4g2v03nd
142924da-9ea5-4407-be07-0559751f7ba7,wade.ely@slack.dne.com,hll3hqc3
ac0a6748-b23c-40dc-8a7a-0e517c318a72,xara.ely@slack.dne.com,n1prqcz1
29a8e7cf-c7e2-4882-ae73-9b043865e4a7,yve.ely@slack.dne.com,swvt0rlo
1fb5afee-6aea-4083-8c19-a64a8e31433b,zoe.ely@slack.dne.com,dg6g7167
dc7eefc5-fd30-45fa-9157-978306b8c543,alex.fox@slack.dne.com,bwy8x7te
35bbec83-07f6-4cc2-8e49-c74d6d3d08ba,ben.fox@slack.dne.com,lh7wu0rk
2164ae6a-1ec9-4ce1-9e48-4933ec1e1b39,cole.fox@slack.dne.com,n4gfbt8d
2fb38e01-f1cc-438e-adc7-7bc2b32c782c,dan.fox@slack.dne.com,cfoevxpl
aab6e7d1-0489-47b0-9e95-2097803c8681,eva.fox@slack.dne.com,9moznpyg
95d58dc5-7a3c-43b4-af01-7cd603e276bc,fox.fox@slack.dne.com,1vk7qeep
d89623a3-4a2e-43b6-8b7d-01590b8d969b,gus.fox@slack.dne.com,0moozxoh
ff1fb4a6-a84b-4de8-b0b7-ae841fb5cc2d,hal.fox@slack.dne.com,y3eo8g9a
18bb8247-ca9c-4d5b-bd2c-b73e107411c2,ivy.fox@slack.dne.com,wqfe7fw7
d3c4ad2f-6d40-435c-a66b-5b0768b70eb1,jay.fox@slack.dne.com,81pbpbr8
30754dd6-22f9-4563-9f20-ffb620bae816,kim.fox@slack.dne.com,zou8ksu2
d09a0789-0117-468f-b137-9510d80cc0d4,leo.fox@slack.dne.com,gp6as7ns
c06d2e56-5e13-401b-a5fa-5c7b94ef75dd,max.fox@slack.dne.com,p7ocd71p
e59b7884-084d-4040-b377-5afd97388840,nia.fox@slack.dne.com,qc6t6nn8
8431fd0c-0263-4b0e-8a37-d6c719bada5d,oak.fox@slack.dne.com,4mb632xk
13dd764c-77ca-49b4-a639-cc8477a632f1,pip.fox@slack.dne.com,68wpwiwd
a4d375bd-e09c-4703-9dda-0f5456a7117c,rex.fox@slack.dne.com,b6l3ka8h
155fdc2d-b11a-42fd-898a-396a6d788063,sam.fox@slack.dne.com,rqf6a4qu
f66a2adb-23e5-401b-95cf-d25cf1f7cfda,tia.fox@slack.dne.com,be8tnrba
b3f5fdb3-d5a5-4797-a670-49f6486688cc,uma.fox@slack.dne.com,xzzrn3kb
d4fc28d7-b15d-42ce-b0a8-574c2b4039ae,val.fox@slack.dne.com,o392leum
454b822c-6f97-4354-bda5-1dcb468a81ae,wade.fox@slack.dne.com,sger8y26
97bbc359-f819-4bfb-8d8f-e3f9ed6e852f,xara.fox@slack.dne.com,mmyr35o8
fe969705-e1cd-4f14-87dd-3049e6d8c8ac,yve.fox@slack.dne.com,kq7pbnje
2c623d92-9cc6-48bd-8f1b-9a14345a7642,zoe.fox@slack.dne.com,8tnt1oom
85242bd8-81fe-495d-9aa9-71e64777e9a7,alex.gray@slack.dne.com,6yuhhj25
1396df35-8f00-4494-be1a-cb08bda19be0,ben.gray@slack.dne.com,fm0n5ryw
20ebbb6b-7fe2-4d29-84e4-496caede8314,cole.gray@slack.dne.com,lvx8w46g
b05ce315-f343-435d-bc0b-6a8599cc6a12,dan.gray@slack.dne.com,o2tq6cem
dfe74a4d-1a38-440b-944d-82b4b80c4244,eva.gray@slack.dne.com,ytzbe6hf
32fed4ad-6084-43dc-a92e-0ff8f8e0c846,fox.gray@slack.dne.com,tez47rst
36622a58-6c6d-4116-8c60-72c3c89d3cd7,gus.gray@slack.dne.com,en1n7iqa
64707386-a989-4a7b-804e-89784111ec22,hal.gray@slack.dne.com,pflm9y4y
e825180b-65e5-41ba-818f-4d652d30025a,ivy.gray@slack.dne.com,sfo2cktk
43f9286a-da33-4607-9197-27037d3ac930,jay.gray@slack.dne.com,oi7jkyn4
55bf40f7-3524-4321-8a8b-f31db426fe30,kim.gray@slack.dne.com,6jf8w6w1
af3807ed-0465-47a3-9c24-6e591fe0c37c,leo.gray@slack.dne.com,v78cy43o
9ca42946-18ac-40fc-8e96-0a7807a73e1d,max.gray@slack.dne.com,1isejqwb
b360f9c5-02f1-4b4a-a654-ec100768411e,nia.gray@slack.dne.com,858uewuf
dd5c5ca4-a852-4e14-9de1-1fa610f7e619,oak.gray@slack.dne.com,rh06tf2p
2102838e-7db2-4b8a-a5a9-a4caa80c9e19,pip.gray@slack.dne.com,i88n6wnz
f89e0dc8-bc02-4fad-8ed0-865bd939dd33,rex.gray@slack.dne.com,vb6c4prz
12eee788-9ba3-4f22-b729-9fcfb72669d2,sam.gray@slack.dne.com,lxj1gen6
e3368835-1e7b-4525-a392-2e7b05cc1fd6,tia.gray@slack.dne.com,eiiy4sm6
ae8f2f39-f8cb-4c41-9a7a-bb9a8e880d6b,uma.gray@slack.dne.com,r09j0gkj
7ca0ed09-e40f-4323-b461-a4440c8cf83a,val.gray@slack.dne.com,7nu31wqh
7fe9ac86-86f8-4cf4-8548-81cfdd7d3772,wade.gray@slack.dne.com,fxx70fje
40c25add-19d6-418e-9273-36b2dbf298f1,xara.gray@slack.dne.com,5n4d4i2g
4407c5ab-6e9d-4b06-9674-82d547e87526,yve.gray@slack.dne.com,1b4onm7l
75cc217b-1abd-4626-b29f-e512f3bf4567,zoe.gray@slack.dne.com,bwr9nvfy
d5cf6bd9-8cb8-48b2-b0a1-3390a9263a59,alex.hill@slack.dne.com,eqz6ss28
3a22747b-2c47-4e33-8813-edfa837b471d,ben.hill@slack.dne.com,pzrwjn74
cb09c080-2710-4f7e-b72f-0fe2e4fa0961,cole.hill@slack.dne.com,8ta55q64
8aee81bd-985d-43da-b017-a3e7ff48b002,dan.hill@slack.dne.com,7rc23wcm
90244f05-c32e-4d7b-b8ca-4d57256079d7,eva.hill@slack.dne.com,wyyv18fj
0109c9c5-90dd-45c5-9083-248f470ce614,fox.hill@slack.dne.com,yzvvjofo
5cb4d592-8aba-4a11-974d-2d729e6060af,gus.hill@slack.dne.com,4lc9fprm
668f5b43-3afe-46a1-9a6f-ef28f06af7e2,hal.hill@slack.dne.com,ei0k8uj6
77af04d5-f13c-4397-a019-c818079bed40,ivy.hill@slack.dne.com,1wmi5dpm
83444e69-d3b2-4ca3-959e-1eb889733830,jay.hill@slack.dne.com,n8ralw88
97f8bf9c-9689-4f2a-bff6-5b8b3debbe9d,kim.hill@slack.dne.com,526fsy6m
3316bd78-8a5c-47c3-a8f9-70f9b33c70e7,leo.hill@slack.dne.com,zhduuinb
551861fa-446b-40bb-b653-1c1be92cbcb3,max.hill@slack.dne.com,89os0e8x
106833fb-60db-4c4d-af40-b4209f996ce6,nia.hill@slack.dne.com,glk1li9c
15a707e2-a7ca-437d-bfe2-41dff244768f,oak.hill@slack.dne.com,4da0mndl
36f6b8fd-93b1-4f16-aa76-67cc7c0b1c73,pip.hill@slack.dne.com,o00nhwad
0d06ceae-5626-4f33-9c89-65c9259ce22b,rex.hill@slack.dne.com,f5hx9hq0
44db4cde-0e94-404b-bcf5-cecf22889acf,sam.hill@slack.dne.com,7xi9k2xu
ffdd6bb2-2525-4cec-bcb3-e11e1c048c80,tia.hill@slack.dne.com,1grjv9ys
894468cd-b5c5-4119-b5e7-fd3f5babfd0c,uma.hill@slack.dne.com,zuuomaho
59926cbc-b663-49db-b129-c1dc777f78a0,val.hill@slack.dne.com,6zqcyau9
2b492255-f5dd-45d7-a58b-7c1860b6dc58,wade.hill@slack.dne.com,uk1ehjq2
fbd8a71d-43d5-4ee8-b75e-95439c3db737,xara.hill@slack.dne.com,4o1m3yp7
d47d3142-bc55-4969-8fee-2573c104d0ce,yve.hill@slack.dne.com,ldu6077i
92227227-2e04-4478-a4e2-2ec2e5421771,zoe.hill@slack.dne.com,v9gaejzn
