db4de954-e2eb-46ee-9aaf-dc0a6cd5fffa,alex.ash@netflix.dne.com,38kuih81
93bc33e4-8a58-4407-8710-802ca5b8fd63,ben.ash@netflix.dne.com,jndw55rw
666e560e-eccd-4586-8d91-7437bf9b807a,cole.ash@netflix.dne.com,i6rqkvj7
b0903369-e9ab-4609-a861-ab34b1e362e4,dan.ash@netflix.dne.com,s053al8d
30e553ac-48b9-4ce7-b61d-21c886f7a8ad,eva.ash@netflix.dne.com,iea8ps7l
3275e847-461b-418c-b2f9-0d124bf70b88,fox.ash@netflix.dne.com,shqyjius
56eb094f-d287-436b-b4be-76ea77944dc4,gus.ash@netflix.dne.com,j0ndhp73
f3c29039-3190-496b-9626-e6ac0b66c80e,hal.ash@netflix.dne.com,hxca6b97
daf53806-2d6b-4df1-a1aa-09de6a3dd298,ivy.ash@netflix.dne.com,63j3b1ow
d129123c-6d28-48c7-a26f-cbc6c5ba4c92,jay.ash@netflix.dne.com,z8c3akkg
5f2f89c1-ebbc-4ae5-ad30-ab9f00ff3c01,kim.ash@netflix.dne.com,xu27sao1
a65146cc-37d9-464c-a35b-68c5eb5d2f1f,leo.ash@netflix.dne.com,238z5kr5
e02a1c26-bc96-45f7-aa7a-967e19f5abd4,max.ash@netflix.dne.com,ut97a1ka
b7c15674-ce1b-4fb1-8df0-370a3fa07b8b,nia.ash@netflix.dne.com,bkz2ye0d
fbf21dec-e116-4576-a7e1-2a4800ec0b1e,oak.ash@netflix.dne.com,tmsohajl
5aa982d6-3e9d-4a74-b47e-74b28d38e0fc,pip.ash@netflix.dne.com,pkob4vcb
2190f68a-e9c9-4cab-8f12-8bd9a661d251,rex.ash@netflix.dne.com,ku40ciyn
0e4f1e77-5280-4207-b397-e14b93a8aef7,sam.ash@netflix.dne.com,jcwlin8m
6afb5488-868b-4b37-9cf0-200f407710e0,tia.ash@netflix.dne.com,zhrtrnkq
a6359113-2082-4fe7-9e49-3f78aac9c88e,uma.ash@netflix.dne.com,0gd90n1d
106cb1b5-086e-4831-a0e6-87199e5b3acd,val.ash@netflix.dne.com,m1cfz7qa
edbcf1d4-bbab-4085-8faa-22a065168287,wade.ash@netflix.dne.com,o4hdflnw
20d2f5a1-99c8-40b4-8097-0d3097ab272a,xara.ash@netflix.dne.com,h54gp4dg
a72695c3-4fa7-4927-90fe-20658becf4d6,yve.ash@netflix.dne.com,q30cwnoh
f4b11326-bb63-4f77-9ec9-6e405a321a5a,zoe.ash@netflix.dne.com,9fi1z211
405c2c3f-172a-4bdb-9971-13dd068513b6,alex.bell@netflix.dne.com,6sjmfhwj
761bb41b-ea5a-4a54-86de-fc5941123d8d,ben.bell@netflix.dne.com,1ntj0ngq
d8f3d0a4-ff07-4bc2-9d95-3830b8553cda,cole.bell@netflix.dne.com,u9bk8htq
16a92d88-3256-4d43-b7dc-07459f48d15a,dan.bell@netflix.dne.com,4f8r5flx
6ab3511f-d5cc-45bd-a5af-2cd174b8495c,eva.bell@netflix.dne.com,tfrd2tl7
296f07a7-12c9-466a-8836-1719d6ecfb53,fox.bell@netflix.dne.com,9odmyyg0
95ebf6af-3890-4dea-ba84-7197a168bc07,gus.bell@netflix.dne.com,lriry0xt
dc324e53-a68c-4836-bd27-fc0fb236fb5f,hal.bell@netflix.dne.com,1cltbglb
cb8bf915-e659-4e3c-b11f-53481df9d90a,ivy.bell@netflix.dne.com,gyn3yhhu
f2e85549-cb6b-4587-b8dd-6c6f2a23e576,jay.bell@netflix.dne.com,bv47ah6m
c4a240aa-0358-4b9e-907e-c0d0d54aaf11,kim.bell@netflix.dne.com,xdvt40g7
502657ab-6a01-4800-856f-058f873e6f98,leo.bell@netflix.dne.com,6b1a6g3u
a8771222-5814-4f73-9e59-901e68df49d0,max.bell@netflix.dne.com,hcecj211
71b37641-2f08-42ec-83e5-f81269184d34,nia.bell@netflix.dne.com,1zzara7j
d64f7bef-4d46-458d-adac-a253654be76a,oak.bell@netflix.dne.com,446jtulb
6334829e-3a73-43df-8672-7f85b2565b7f,pip.bell@netflix.dne.com,1zugcu65
0aa2d793-c37d-4247-8cb4-bdb0df073466,rex.bell@netflix.dne.com,qu6s3o4b
1e15a1c6-1d0d-42f5-b13d-7215f2bb3727,sam.bell@netflix.dne.com,vj20c4ig
19fc462a-e2f4-4084-b8be-a1b25fab302e,tia.bell@netflix.dne.com,4a7lai0k
0c54e6de-7032-42fb-b0b2-cd272a2f0f46,uma.bell@netflix.dne.com,cto1m1l7
c02739bd-e78c-4ef3-aa2b-30b447bc8506,val.bell@netflix.dne.com,llxetob2
8e7df81f-9607-4fb5-82f6-140da9011765,wade.bell@netflix.dne.com,w38srq8p
780f9950-b3f1-45da-8591-30b2d78792fc,xara.bell@netflix.dne.com,he7n0khe
e5c087ea-6e69-4336-9135-04fd445aa487,yve.bell@netflix.dne.com,y7g4087d
59eb018b-584b-403d-a56b-bdb1c694e829,zoe.bell@netflix.dne.com,9c8hg9to
d0ff81b9-ee75-4a6f-8c27-7612b96f9c83,alex.cox@netflix.dne.com,m6p06322
7f5f5500-b431-4af5-979b-4d8c7ca95634,ben.cox@netflix.dne.com,9txa067c
36ac5cde-1d47-49f5-83c5-641039b403b4,cole.cox@netflix.dne.com,c4nqllk5
507f43cc-bd34-4be8-bf1e-97a1b6eb0e7e,dan.cox@netflix.dne.com,x5fgjmhe
845f40de-97bf-4448-9db3-637d054ffbd1,eva.cox@netflix.dne.com,di8css6n
cce9f107-41f2-4ff1-9a2b-3de893a53746,fox.cox@netflix.dne.com,2bdtwdrd
76c7d928-1026-4266-ba30-4cd951afda8f,gus.cox@netflix.dne.com,zb4s51d1
f4c8c022-609a-4b27-a455-15792c5e78ff,hal.cox@netflix.dne.com,2vxkipi1
677dc4ed-1a2b-4173-91b7-4acd27b319a5,ivy.cox@netflix.dne.com,f2e6vuf9
fef0d7ab-649a-48f3-b988-ca8cd05ccfc7,jay.cox@netflix.dne.com,fie3azh7
b9cd83f0-0bb9-4f19-9508-332754c0752b,kim.cox@netflix.dne.com,xbk39x3e
6e53165d-68f5-4e8e-8a72-461fa3aaf752,leo.cox@netflix.dne.com,a7kdkanh
246ffbe0-6056-4705-8032-a8fac2b739c1,max.cox@netflix.dne.com,qxl6daik
6c659656-9fdf-4f84-9a6c-86d03df1ec92,nia.cox@netflix.dne.com,xbfeb9on
d241f79a-1e67-4759-9a24-7c16c3d6bdac,oak.cox@netflix.dne.com,xvkcbtpd
689847b4-5f48-4585-99cb-399c839f6702,pip.cox@netflix.dne.com,f6x0a1u4
155675c1-24c6-434b-820b-4aa1862e118b,rex.cox@netflix.dne.com,llte910h
65e8eeb2-cd60-4c49-b363-dd54959f0518,sam.cox@netflix.dne.com,xwal6nm6
290008b2-1267-42eb-91e5-1b00c874f6d1,tia.cox@netflix.dne.com,z8aje8xf
e19ca7e0-842c-4962-8da1-3207ce276b1d,uma.cox@netflix.dne.com,f0q3i8zr
82313ff1-b7ee-4342-b0a0-13e2801d2ef4,val.cox@netflix.dne.com,yts4snsh
a9271058-5779-4340-ae40-969a422946d8,wade.cox@netflix.dne.com,6krpjcnk
83cf5fe3-837c-4ca5-b5f0-0d5541626c4f,xara.cox@netflix.dne.com,prbkm73s
8f4d83a9-5aed-4ebc-b379-24652ae164d6,yve.cox@netflix.dne.com,m8rgfn9n
3ea18b1c-dd47-482e-bfdd-2fb530b5e28e,zoe.cox@netflix.dne.com,0yt5gcqi
4c518f54-63fe-4480-8849-c029e6ddb4fb,alex.day@netflix.dne.com,tqibhfo6
5ac9c33a-16f1-46e0-bd12-3717ad823f2d,ben.day@netflix.dne.com,ocndb22y
72435a0a-1bb5-46d6-af36-900e9746f0bf,cole.day@netflix.dne.com,uw7ladat
6be90b4a-52ab-42d6-bae3-775f3cbe13c6,dan.day@netflix.dne.com,iv3jopg2
c9804a9b-c5a0-484f-8093-2f227937b0e9,eva.day@netflix.dne.com,erj8plzm
24702d2d-5339-4903-9fc3-c51776f7c58b,fox.day@netflix.dne.com,7nbr3i7y
01d617da-6769-45c5-9538-b5617532414d,gus.day@netflix.dne.com,kels4h7x
f4a29ace-ad1d-4945-a19e-98a02860f1ec,hal.day@netflix.dne.com,0pjbzn0f
e6d93337-a8ad-45cb-9fec-bdf31fe23562,ivy.day@netflix.dne.com,o7oz083c
10a9011f-ff92-4cf6-8725-6b4c9b823755,jay.day@netflix.dne.com,8i0vj6qs
b85c9949-2bb4-4098-b9d2-a8b2caa281c3,kim.day@netflix.dne.com,c3mp5koy
e81c4f12-90b3-4748-9c4b-4e00bef95a4a,leo.day@netflix.dne.com,cvf6amk3
04baeca5-8c6a-4435-bcc4-0786b82477df,max.day@netflix.dne.com,otit81yx
a5301963-a16f-46cc-82c9-89f6f48a936c,nia.day@netflix.dne.com,s36s6lpf
fb6df519-36f6-43fe-9004-1cf739abf9fd,oak.day@netflix.dne.com,pn5n7kmq
e83d8f96-1a22-4420-9253-f50c5226445d,pip.day@netflix.dne.com,1rv5bhin
792e479e-68f1-438a-804c-1904c0b39c9c,rex.day@netflix.dne.com,onbuh0yc
16ca5ba3-6ace-4100-bdaa-e2fa658c79e0,sam.day@netflix.dne.com,n0si63fw
62c87269-bbf0-4c32-b5af-c5d0fb830e6e,tia.day@netflix.dne.com,y7meatqk
32cb30b4-7b49-4925-807e-5288dd7ec329,uma.day@netflix.dne.com,1m36kp9w
a6c4cf64-b6a3-4208-846d-3fa565ab7ef8,val.day@netflix.dne.com,z0kcjdb9
a6e7d840-91df-4355-bb7c-737056b616b9,wade.day@netflix.dne.com,l0ywwsrz
b20c9105-18f3-47a7-bc0e-abb22e41b4f2,xara.day@netflix.dne.com,zoanvzvs
b47b1c50-899c-4618-b075-e0f41c129d93,yve.day@netflix.dne.com,mnq5tp7i
2efb44b7-a23b-4fee-accc-b04db7b847b2,zoe.day@netflix.dne.com,ee11g6a7
4762f3ec-1bb0-4c27-9635-c06c8d32f91f,alex.ely@netflix.dne.com,xzzzbc3s
0e89c32e-094a-40b9-b174-f7cb55d4a9cc,ben.ely@netflix.dne.com,kq9tk50w
1db8021c-6e1f-4a1e-92df-0e8e9fcd7fb3,cole.ely@netflix.dne.com,6nus7p0d
e6a8e042-e52c-46a8-854e-6a5b48d606fb,dan.ely@netflix.dne.com,2da6q3b6
cffcbef0-91e4-4371-b4bc-7b218b55d6ef,eva.ely@netflix.dne.com,fi6af93g
f80ea20f-e4b3-46c5-9c56-accac21b535a,fox.ely@netflix.dne.com,marnbjv5
f6ce60ae-5911-4cbf-b0db-a234f1adbe72,gus.ely@netflix.dne.com,e7cit11u
cc43557f-fdfd-4645-b8a6-e7649c439acd,hal.ely@netflix.dne.com,ypred9q0
930b85d0-c90c-484b-8087-78e81b720d9d,ivy.ely@netflix.dne.com,7b2bqcoi
7e002cd4-e6a3-4db4-aef3-be7f865e650c,jay.ely@netflix.dne.com,rkupv3gv
43b00570-499c-4e45-bde1-e9e159bc9b90,kim.ely@netflix.dne.com,tx1bj77l
501a3017-06d4-4772-ad0b-277f79327854,leo.ely@netflix.dne.com,7o2t27d0
a7a4c1b9-7bf3-4ef4-b024-7d993aa73559,max.ely@netflix.dne.com,m49gcfs7
966fb172-40b7-45a9-ae03-91a4124f9c5f,nia.ely@netflix.dne.com,dx5ro5ow
59cc692d-fb4b-47d1-9e7e-fbe8d2cb8a8e,oak.ely@netflix.dne.com,c5bf8y0t
47b4481e-81a7-41ad-9df3-2517c269c2f3,pip.ely@netflix.dne.com,zgpheni6
0789bade-59d1-4ed4-a935-70ac66fe0ae5,rex.ely@netflix.dne.com,cjv01wd7
1b465e06-08f6-4b2c-af76-171e7e1205c6,sam.ely@netflix.dne.com,py2x8ctt
e5b3d878-e6a4-49ba-b06a-18b24c101551,tia.ely@netflix.dne.com,exglqj3s
45fbb1f5-799a-4b83-9042-af9671496ba6,uma.ely@netflix.dne.com,g7ldbgvk
07af3efe-2f8f-4c44-999a-0db2940a9cf4,val.ely@netflix.dne.com,g9hqc4pt
dff30666-aba9-4840-94a1-4cef20baef14,wade.ely@netflix.dne.com,gdevbyg0
5e4db69b-4fb9-4edf-85c0-7d6aee707c03,xara.ely@netflix.dne.com,0qmrnh31
463d9f95-d778-4017-b54e-5220c58a09c3,yve.ely@netflix.dne.com,ebe14anw
caf3d19f-93db-43fe-8f0d-2731fa98cc75,zoe.ely@netflix.dne.com,1183ddpt
bf3f031d-d9f4-41a8-a8c4-74a1473c8ab3,alex.fox@netflix.dne.com,f6bi6ilu
b93f693e-82ad-43f2-8efc-a48ac5fb9916,ben.fox@netflix.dne.com,ok8oblrb
180a23fb-49de-4af0-8a0d-9800fe2f32d1,cole.fox@netflix.dne.com,hfjmrumh
561103cb-7396-476e-9838-16ae81826cb0,dan.fox@netflix.dne.com,jx60r5q2
082c2f76-953b-433e-ba0c-e0e9d55f40a4,eva.fox@netflix.dne.com,9og7m58q
65e54401-ddf1-4b42-9813-d8a9dfd81cdb,fox.fox@netflix.dne.com,2w06y50e
2811e2ba-d8c3-4f38-b51a-781f35e3476a,gus.fox@netflix.dne.com,vft4k564
af30fae2-1b5d-4eaf-9e33-419dd580928d,hal.fox@netflix.dne.com,84i6l562
d5b17e76-df24-436d-b8d9-c204c2be47c8,ivy.fox@netflix.dne.com,s8p6b15g
5b1932d4-d620-46dc-ae38-c83096151133,jay.fox@netflix.dne.com,tf0rjdjl
85e41e4c-585a-4d26-9f87-bf0022e1bb7b,kim.fox@netflix.dne.com,9gk4sg7s
71ba3724-0ffd-4ff1-af30-2a8c9afa78b1,leo.fox@netflix.dne.com,hgd95hfh
867c80ea-5be3-4f15-a038-8fce7231cec0,max.fox@netflix.dne.com,lvztur0e
6d9330c7-93f9-4f8d-9f13-33f33263cf90,nia.fox@netflix.dne.com,d4hph7bz
bdcca0ca-29db-4589-a133-5243b50a944c,oak.fox@netflix.dne.com,warez8ai
85c6d429-ebc6-4c71-a4d8-97f9f3231221,pip.fox@netflix.dne.com,qdzs2vfj
84fae9dd-f317-4504-91b5-022b3b993de0,rex.fox@netflix.dne.com,8lms1kof
4749828e-3996-4771-8d92-c44e62c749e1,sam.fox@netflix.dne.com,g9bxvyds
80748767-736d-4cda-ac56-28741d777f6b,tia.fox@netflix.dne.com,xzry64te
32df3c4d-88b6-49b1-b24e-0eca4bc61744,uma.fox@netflix.dne.com,k4epjk95
374454ae-b3b6-46ce-92a1-e137079899c6,val.fox@netflix.dne.com,q8xblb5s
cb0068ad-be0b-4c64-b17d-66e3967ac394,wade.fox@netflix.dne.com,a9du4op7
52c541ab-7263-4b84-bab6-a7eb07ca9713,xara.fox@netflix.dne.com,nvcm39tr
337e9d6b-2b8e-46fe-ba86-0d2bb0012db8,yve.fox@netflix.dne.com,ufy3mml0
4a5e27aa-8c8a-4fe5-a2b4-2cca74f58797,zoe.fox@netflix.dne.com,eef09yt4
2d77edb3-5940-4c17-b956-f7f9f08fae09,alex.gray@netflix.dne.com,scsk0q7r
45866fae-33f8-418b-992b-57cdf0f0bc34,ben.gray@netflix.dne.com,h3ku50jl
c00e94a8-7633-4714-8474-a1f24dd4b949,cole.gray@netflix.dne.com,ajn1l0fr
d780afec-0eb6-4816-8811-a1120004d1ab,dan.gray@netflix.dne.com,3t229wol
082d3fd1-49fd-4eb2-941a-c77823947d56,eva.gray@netflix.dne.com,jl3yjwgy
2b516b5f-660f-4d11-911f-c6b82cef5a78,fox.gray@netflix.dne.com,g374s2jm
5653319f-dda1-4c52-ada2-f563eb8fd08d,gus.gray@netflix.dne.com,vdz618rf
f8950dd8-43e7-4c19-9faa-20674e2f72d2,hal.gray@netflix.dne.com,51s2mu4o
868fe5ed-598a-42c3-8e8b-873069a77f93,ivy.gray@netflix.dne.com,xk7dkvtx
37539bd5-b16d-4d0b-8706-92fcd363e581,jay.gray@netflix.dne.com,1wav748y
792df3a8-d7de-40f9-9e78-0f6ca616c185,kim.gray@netflix.dne.com,2g8fjxmx
55b39261-bb77-4ead-aa60-4751056aad4c,leo.gray@netflix.dne.com,mgq4h6fw
b498bd80-3942-49ec-aa4f-cac146556d29,max.gray@netflix.dne.com,fz6t4qa5
393e566b-99b5-40ad-af96-bef9e6ce0bed,nia.gray@netflix.dne.com,1ifpx7d9
9dbf94de-b459-4b09-a436-92c482ffd32b,oak.gray@netflix.dne.com,p9jonxvb
038341d4-bc65-41a0-87e1-ac04b681563c,pip.gray@netflix.dne.com,0fwv7o6o
8fbd1cd7-f7a2-41fb-b825-fc0411797d8c,rex.gray@netflix.dne.com,xyarzoqm
bd68e9f7-66c8-485f-b892-b606a0df8d6f,sam.gray@netflix.dne.com,m7nptaoh
3c36a705-cd7f-4551-b05c-f4c6caa41380,tia.gray@netflix.dne.com,znalxjgd
ca7d84a4-f688-4a50-b3ab-9ab513b8a6a2,uma.gray@netflix.dne.com,vjyrxhxe
460f7a92-da79-4a7f-854b-2cb21bb06429,val.gray@netflix.dne.com,15s81qyl
46dd03fa-af88-4737-ab89-180d53575190,wade.gray@netflix.dne.com,flyc4jwj
c26f1420-862d-4b13-874c-f24e576a41ca,xara.gray@netflix.dne.com,0959iez0
5a3463d7-b8dc-4edc-9974-a904feea533a,yve.gray@netflix.dne.com,6gftiwt9
e959e4f3-4fe7-4cfa-9ca8-8fc220c785e6,zoe.gray@netflix.dne.com,z403mkrf
fd0e9bc4-4620-4280-8637-9cbe8bb3815c,alex.hill@netflix.dne.com,vyomw2dy
d377dc89-55a4-4ec9-88ff-8151aeded22d,ben.hill@netflix.dne.com,2w21ur0d
ded29137-64ae-4d49-b92c-638e476fa347,cole.hill@netflix.dne.com,bd1ljvo3
aa5b9d91-ed14-4cd5-a4bc-2bdda47e764b,dan.hill@netflix.dne.com,5evv9udk
5150e619-3c07-4352-af9f-bfb0cadb7462,eva.hill@netflix.dne.com,fsoy753x
66d61572-6823-4134-85b1-1fb61af33d1b,fox.hill@netflix.dne.com,hkouf8fw
269a673d-4ebf-4d3b-ac0d-4111aeb25786,gus.hill@netflix.dne.com,62cmth6f
1646a3d2-fcde-4b2e-8cf0-eeff284d7745,hal.hill@netflix.dne.com,uod1gsaq
35e6ed52-5cbd-4ec9-a12f-672b94e2f997,ivy.hill@netflix.dne.com,d4pycdft
e743ed5e-9865-4827-8aa3-307d1cfca8b9,jay.hill@netflix.dne.com,x97xpewt
77d5a482-1afa-46a5-a4f7-2587a75cd9ed,kim.hill@netflix.dne.com,adq3wqyc
30f88dbf-8953-4e77-a7d0-b9f611893295,leo.hill@netflix.dne.com,4mbj0l30
c5b02788-395d-4a25-a9c9-cddb938ce1fe,max.hill@netflix.dne.com,scd3oqbw
b5821d8f-de18-416b-9821-a0c4b4bb8be9,nia.hill@netflix.dne.com,cb1j1unm
a61cd6aa-300a-4056-aa73-403bb46a1b2e,oak.hill@netflix.dne.com,nce6qyse
26957d39-5236-40a4-b189-fdd745f0fd4c,pip.hill@netflix.dne.com,0ltjab8b
794d8ef3-73e9-44a6-9f6f-0f5c66832042,rex.hill@netflix.dne.com,xfgwrdt4
ef634800-462d-468d-93ac-ee4916250933,sam.hill@netflix.dne.com,vbtsponl
28ea50a8-bd71-49eb-a17a-db820b22f378,tia.hill@netflix.dne.com,t0apbw3g
820f6847-a7bb-4bd3-99bd-c9e0b7b44dd5,uma.hill@netflix.dne.com,pcjq44zj
dfa3cff2-305e-4cc4-baae-c672eceb34d9,val.hill@netflix.dne.com,kv3pypax
529c886f-a315-463a-83f2-c32ecdefd540,wade.hill@netflix.dne.com,f1pe71rc
d6518778-d2ba-4a36-b2a7-30ad798f96d7,xara.hill@netflix.dne.com,mrv2d9ws
41492d6c-09b6-4187-844f-7cd8f0a01bbd,yve.hill@netflix.dne.com,idba6jfw
58aee85b-cddb-4c0c-89c3-82e069b2604e,zoe.hill@netflix.dne.com,vilj4f39
