42569545-12e2-4eb5-a8b9-7830ee529879,alex.ash@apple.dne.com,8llavgap
a6476d0f-2ad5-4100-8331-81638b6e36ce,ben.ash@apple.dne.com,ax3gkxfp
54e2181a-604a-480c-a0a0-6b0187164073,cole.ash@apple.dne.com,1fpg7nu4
e6ded975-f8e7-435e-801f-4580601954db,dan.ash@apple.dne.com,2qkn4l6y
0b7e0d1f-efb1-4f6b-8047-ca3b5860a9e1,eva.ash@apple.dne.com,xmpgu5fs
3bc5a87c-6b3c-4abf-b496-d3e922f9373f,fox.ash@apple.dne.com,1lg8772i
9f4bc323-3980-4428-aa41-c1e94cd5600b,gus.ash@apple.dne.com,daetvvhf
33a10849-01e3-4493-b2e0-4b1e8a00bf78,hal.ash@apple.dne.com,9xer4j9q
0f345863-3cac-45ee-a417-a3a495c6256f,ivy.ash@apple.dne.com,qqakjs41
2c9d654f-8764-4b35-b24f-09915f20db83,jay.ash@apple.dne.com,9182ij51
af944bd2-2093-4331-9d85-b0620ee6164f,kim.ash@apple.dne.com,y0er9ajk
61035b8f-ee41-4550-a1ea-40c4d7295001,leo.ash@apple.dne.com,edsus8ei
1ac12fff-3602-430d-8cf0-ba33815116ec,max.ash@apple.dne.com,85oilvz9
0c7e1490-8c34-4ff6-8233-9cf77c61f23e,nia.ash@apple.dne.com,n2p70mtx
e997f3e9-5779-4395-9f27-ca33e357a71b,oak.ash@apple.dne.com,alnppgkw
141d927b-8618-481c-92ee-dcb8da86845c,pip.ash@apple.dne.com,e6zcwmu7
2986ca6c-2630-4c17-a231-13439abe421e,rex.ash@apple.dne.com,j1hkkh9p
79edd39a-0c48-415e-a89f-e7a635fc085d,sam.ash@apple.dne.com,rby2vk9g
e8494ee0-1c7b-4529-9ebe-a44d023eff01,tia.ash@apple.dne.com,yao8fqyc
03947f70-ca75-41fa-a086-f03ca24a7c8d,uma.ash@apple.dne.com,urkozhob
2168e71d-9802-40d8-b677-2546f2bea913,val.ash@apple.dne.com,913o30c4
2943e547-cad4-4363-a185-b257d41c218d,wade.ash@apple.dne.com,5e2k2yv7
9cb60ee2-b7f1-48b5-9806-80316439aaaf,xara.ash@apple.dne.com,l912voxm
67a767b0-a1a8-4b07-9930-89188bea4bfa,yve.ash@apple.dne.com,qwuaa0x0
535a8625-7a21-4549-a116-f5486e0b45b4,zoe.ash@apple.dne.com,7g1kmoim
3b933ca5-02e5-4531-b985-59183eebad3a,alex.bell@apple.dne.com,823u8iiv
d6cf8501-6f20-4777-b0c7-af8729e95c18,ben.bell@apple.dne.com,s5ui1k2k
3c09ffb0-e89d-431b-b275-a319fc3f1226,cole.bell@apple.dne.com,y4oou5kz
9daeefc1-6b9a-4244-8452-43777a3665cf,dan.bell@apple.dne.com,whutj02p
4b570275-635b-443a-b5cc-ceb04d90ef34,eva.bell@apple.dne.com,ze1f5n2y
82582117-1d1a-455f-87ea-29f2e304dcf7,fox.bell@apple.dne.com,tdy2zalz
8391c686-89cd-4e12-a4c6-2d15a6e3f0ab,gus.bell@apple.dne.com,demi6jrj
6de30112-4058-40d2-a109-3dbf8004ac3e,hal.bell@apple.dne.com,xsvz1k78
17d6e1c9-3dde-4da8-bd34-af60285211b4,ivy.bell@apple.dne.com,ypjhfjac
67a080b4-6cde-48c2-ab32-fea7822cc93b,jay.bell@apple.dne.com,g5w1n6yg
003cb003-d680-4359-bd9d-708f3442d052,kim.bell@apple.dne.com,1c6y2shy
331c4f96-de90-49b8-9fa9-8beabe545712,leo.bell@apple.dne.com,dsttzdoc
e27f0255-915b-4c2d-a8d8-5383a2b46ec8,max.bell@apple.dne.com,qsgufvix
bf7e0be8-f46b-450d-a92b-1110ecf97574,nia.bell@apple.dne.com,9cgh2f4t
b395f7e1-5dd2-4f04-a68d-3c18335b83e8,oak.bell@apple.dne.com,ixhribls
ec8abff6-7528-498a-9914-aa9e57ecad86,pip.bell@apple.dne.com,mz9lidia
e6e830aa-051a-4265-aeb7-5c31990675d9,rex.bell@apple.dne.com,ol83nyj1
4b71d296-9378-4b95-8444-ec5d15962433,sam.bell@apple.dne.com,s8ux30w6
c0c626ec-b1f8-4038-a870-21bd7118ec80,tia.bell@apple.dne.com,jhcq8hul
68ababa6-90e6-4e7a-a6f2-3beec827e972,uma.bell@apple.dne.com,1aawanky
b5e3b6a1-3506-42cf-9a97-d2852846d95f,val.bell@apple.dne.com,kp4mg08d
e67e59b7-dc93-4256-b9c9-228e0686ee0d,wade.bell@apple.dne.com,8ou5d2rx
dc9dc7ed-7a55-4525-9072-311864e21697,xara.bell@apple.dne.com,sk0l677p
e93935bb-3d63-4e8c-8519-993af1733a7e,yve.bell@apple.dne.com,b5nyjze8
12305946-d18b-4edf-83ab-b5ca80ba9b31,zoe.bell@apple.dne.com,0kx5f5kx
ee2e2fc5-9b26-437f-937b-7f58498fd6b4,alex.cox@apple.dne.com,mjfx8vot
5eae3842-6552-4692-8d85-26d369c44667,ben.cox@apple.dne.com,50m2ut4l
97f7b420-af58-4869-a00f-5bd647001c34,cole.cox@apple.dne.com,4m5b5jy8
43cd1acb-1a11-46e5-a856-9c0f195f4178,dan.cox@apple.dne.com,tnbujstt
727fdfc5-38bf-4dbc-bf04-5912934e4b90,eva.cox@apple.dne.com,p9zygd09
2ea914ea-3e7d-4f6c-b815-ff546d8eedf8,fox.cox@apple.dne.com,xjwji8pt
8c31f197-afcb-4929-a004-2d3aaadd8d8f,gus.cox@apple.dne.com,ovcg7en9
7971c84b-630c-483c-9c9b-a395db5f92cb,hal.cox@apple.dne.com,pha1qz6g
d5d61366-14cb-49ae-b181-a6687e9f0107,ivy.cox@apple.dne.com,i99tcmox
f431c947-2b91-4292-9b64-0433c206f9f8,jay.cox@apple.dne.com,vnoq3ten
096c82a1-cba7-4e3f-9648-e4e48e5b8593,kim.cox@apple.dne.com,gcpoofro
4ab08c8a-04da-4d14-a7de-c01f6da72e2c,leo.cox@apple.dne.com,0oeu6t9u
9fd99a2e-50fd-433e-b3bc-f65ac600a457,max.cox@apple.dne.com,3lo4kyjn
c4c197d5-7c61-46cd-bbe5-41d19b3d69c0,nia.cox@apple.dne.com,9rli4dcv
d52fa262-f18f-4e00-b1c4-57f60a6ddedf,oak.cox@apple.dne.com,m8vdy53q
ece6737f-66b4-44ac-9f13-a4d15990ef10,pip.cox@apple.dne.com,4196k4uv
f2255e57-25e4-465c-bd2e-60c975e3ba15,rex.cox@apple.dne.com,wuc7e2cu
cede660c-6f66-4343-ae94-fba58bd56d83,sam.cox@apple.dne.com,ujhqblzz
be97acc7-ca9d-4ee3-b090-739b1549b093,tia.cox@apple.dne.com,g643a9fv
6eb6bda5-80ec-4bac-8160-8dd8c104380a,uma.cox@apple.dne.com,eqnc787v
89d4e1cb-21b7-4ce1-af44-95aac645fad5,val.cox@apple.dne.com,6d80pmne
8933c8be-c965-47bd-a45d-0f026068e954,wade.cox@apple.dne.com,68avnb6c
1eea5bff-50fc-43bd-ade1-95bcc4f3e10a,xara.cox@apple.dne.com,xef1x58i
cd2b2cf3-b873-485b-afb3-ae210c7f6cfe,yve.cox@apple.dne.com,w3zgw8zs
91825e11-dd1c-4a7d-820d-0aa2db425d31,zoe.cox@apple.dne.com,izqro7y7
5713d153-e4c7-4c72-b27f-2e16ded480e1,alex.day@apple.dne.com,iv33i7og
10ad8300-143a-47be-92ca-edcc7cad93b4,ben.day@apple.dne.com,yk79tj1r
bd3c7342-51ef-4d36-896b-037bf7728c01,cole.day@apple.dne.com,33gj9zls
5db09288-9a52-4ca2-8273-51e0cc92ca83,dan.day@apple.dne.com,mvn27d10
c36fc27b-9347-4ec1-8575-2b96e8d7dc50,eva.day@apple.dne.com,ztimw89z
08b450ea-959a-420b-90f2-0489d06a4449,fox.day@apple.dne.com,ckkmkvhm
adfd0a39-667d-4ba6-a10a-5f9d6ee1da18,gus.day@apple.dne.com,esvf93i7
4de30339-f813-47f2-9144-ca94eb10394c,hal.day@apple.dne.com,zqr986pn
dd23d3f1-1b01-40d2-a8e6-7a48bc1c5189,ivy.day@apple.dne.com,qmqd0nju
80dcb1a9-736f-4dc0-ad4d-af6048435674,jay.day@apple.dne.com,pfo4kkpy
54bd727f-1781-4bad-8ca4-9505c536c071,kim.day@apple.dne.com,xkzssiki
e547f331-33bd-45bc-b2bc-c521d0f4694d,leo.day@apple.dne.com,wjt7ktqq
bcaa1c12-c7a4-43e1-af2c-7295cf9232c2,max.day@apple.dne.com,w33a1h41
e26cf79d-04b5-434d-a97b-a68b171991a8,nia.day@apple.dne.com,1pcxd3ga
d4860233-4739-433c-8c9d-e88b67c505d8,oak.day@apple.dne.com,joodqp9l
9ea9aaac-147a-4581-bc54-0de348ad29ca,pip.day@apple.dne.com,u7kuib2i
8aa79dd8-957f-45ca-b158-6319189228e0,rex.day@apple.dne.com,p1wlysxv
0890ffd6-9d67-44d3-a05e-e168548c2621,sam.day@apple.dne.com,ng47lh2i
37899053-526b-4f45-94b6-b0d5b2ceded6,tia.day@apple.dne.com,tgrbtynn
4d16b61a-5e69-44a9-a6c1-2b8437d9665c,uma.day@apple.dne.com,but5fhhn
0ede6413-25de-4881-b660-14c7873b5627,val.day@apple.dne.com,mbh2nxji
68e08018-cfc8-42a7-9f97-e63a8b5eb5e8,wade.day@apple.dne.com,7a9h4ira
0f602419-c526-4049-8b20-da1797978d8d,xara.day@apple.dne.com,5y3szmj7
8d596e13-3d91-4f7e-8846-bcc034a5ba67,yve.day@apple.dne.com,jr5wn99z
ea8e2236-3f09-4fdc-b03a-7430013a9e95,zoe.day@apple.dne.com,wl79zdca
b761cd8d-992c-41f0-acea-a0bf51a259f2,alex.ely@apple.dne.com,1gjeystw
b6813799-7fef-48d1-9618-bc1395f0b9bc,ben.ely@apple.dne.com,uhnpxo58
e80e90f9-5cd2-424d-b330-cb66bed66125,cole.ely@apple.dne.com,pgl5btlv
f35f8023-ab98-4092-b534-ae89b50395d1,dan.ely@apple.dne.com,iiwf3mtr
33ea7eee-d314-4987-ab7a-aa822ced6d4c,eva.ely@apple.dne.com,nri3ifn0
fdbf4707-49c9-4d7f-896a-9e73cd4a0cf7,fox.ely@apple.dne.com,hbigq25q
50c47d34-2a8d-4119-8d35-1dce4b19a314,gus.ely@apple.dne.com,gu5oibg0
4414f134-59f1-44f0-bdad-d277f84dcf31,hal.ely@apple.dne.com,0g1ql59s
e2474675-c0fe-4155-85c9-99a348f00a70,ivy.ely@apple.dne.com,f5xs9os4
af2c565f-b668-4ca3-b56e-141d6dc83971,jay.ely@apple.dne.com,vo66e1ex
f1ebc9d6-6010-46b5-85a6-837a8793185b,kim.ely@apple.dne.com,ehkf2zfk
3bf49bac-d69d-4215-be78-d19553cfa966,leo.ely@apple.dne.com,bfbyl4wn
650d9951-9d9d-45b6-8f05-338a47f8bf83,max.ely@apple.dne.com,9gjn4q9t
4c60f8dd-86b5-4318-bdf4-0a9994159622,nia.ely@apple.dne.com,pvsvgw8l
3a1f1d50-a6d0-4da9-8e24-53bc56e3acca,oak.ely@apple.dne.com,h5hgmhal
d3fc35fa-841a-4e37-8552-16d6e55e2c5a,pip.ely@apple.dne.com,q4o9cv8h
5f91623b-cf2f-4ee1-884d-4ffe3f92e737,rex.ely@apple.dne.com,o09b9q0n
84b88054-5c4e-45d4-8f23-acce4c983d6b,sam.ely@apple.dne.com,8822orql
61728ff8-24ca-4898-8b58-7e4905c66842,tia.ely@apple.dne.com,p9vu80nv
f4e6f80b-610d-4bee-87c7-4dd10972ec17,uma.ely@apple.dne.com,lr2vjqta
292de701-4572-4c14-ac83-b6a6cf54bf4d,val.ely@apple.dne.com,93ktw7kh
7edae820-5962-41d7-94af-fe944f687983,wade.ely@apple.dne.com,b3yxdghj
2b64ec19-405b-4684-8c25-9733eba7ec4f,xara.ely@apple.dne.com,d7w6upfw
e5af9907-7f01-48f3-8d54-35120ea415f5,yve.ely@apple.dne.com,2wi8wybm
c14b0ebb-3010-48dc-9075-df4b7a00985f,zoe.ely@apple.dne.com,1v0s8i35
37a7192a-3c82-447a-ae06-5a9f5b162928,alex.fox@apple.dne.com,z5o15rxw
703371ed-19fe-4e0c-8ea1-998c99213d8c,ben.fox@apple.dne.com,9v401aia
af2b3510-8498-4342-8d95-14779a099313,cole.fox@apple.dne.com,7slh7kh4
9b66ba3a-b41d-4833-81b9-1be5cc1ab694,dan.fox@apple.dne.com,c09j91a4
65744ed4-27f3-4cd1-9d49-3765b80cad96,eva.fox@apple.dne.com,ozd4aew5
87d016df-7855-4c61-a092-c564921abe74,fox.fox@apple.dne.com,jj09fbmh
5ab9b971-1d96-4ff7-931f-08ef06c74ed2,gus.fox@apple.dne.com,hnep1k1h
e779bd34-206d-4f7a-aa0e-2332ffd7f948,hal.fox@apple.dne.com,dderobw0
9489aabb-e9d5-4125-b2a4-83e4debdd9b4,ivy.fox@apple.dne.com,rrmqucku
6f6d3ac9-64c1-409f-b4bb-ecc98bd42d41,jay.fox@apple.dne.com,ma0js8uh
15c3da4b-0018-4b93-aa6e-831f560a32f5,kim.fox@apple.dne.com,i44dgocn
fea763d0-2459-4cf3-b750-7cb362e93a07,leo.fox@apple.dne.com,qmzv2poh
837f2a85-09f6-44a5-b520-e7270ea49d33,max.fox@apple.dne.com,y28h1lll
44c8e301-4204-42af-9877-d0a69baccedd,nia.fox@apple.dne.com,ktzd1n8d
38237c88-8403-4a08-a95a-c66c069824c0,oak.fox@apple.dne.com,2hq5tzpd
b3bf4365-e85e-4b79-b9e1-e217adaec8bb,pip.fox@apple.dne.com,ci1oo0ga
4ba6d9ab-7e14-4ef2-ac72-cda695012171,rex.fox@apple.dne.com,q36hbzci
0c562ddf-0f5e-478c-85ed-d6c39ea32f87,sam.fox@apple.dne.com,41o57x7s
0ec8b1e6-d907-4fb3-8fc4-9095e6f89b05,tia.fox@apple.dne.com,uw56lo4x
e76b21b3-77e4-4eba-aebb-bc46318c7d5a,uma.fox@apple.dne.com,ay0hlwvx
9d3b1449-0e08-420b-8227-219669aecca6,val.fox@apple.dne.com,wb8pot4s
83092728-7e3a-4a71-96a8-96852a9ec1e0,wade.fox@apple.dne.com,wobklum3
2731867b-216e-4d2d-bd7b-dc2f5e747c51,xara.fox@apple.dne.com,3jobal1m
810d8b49-6c81-4e0e-baf0-fad8b2116ade,yve.fox@apple.dne.com,qoww2ktf
14f38334-05bf-46bb-b421-1c30003f4f81,zoe.fox@apple.dne.com,ub8eewwm
6f2951dc-eb53-40a8-9d78-1f7b913250f1,alex.gray@apple.dne.com,84be60y9
e3fab3aa-4fc7-4c9f-a459-3177e61e44c1,ben.gray@apple.dne.com,aym502q1
383923bc-d61a-429a-94f4-7afffe10063f,cole.gray@apple.dne.com,e2a7d4be
6982f20c-746e-403d-8b20-b10ed4748d25,dan.gray@apple.dne.com,3yp2mq52
b9a0645d-53d1-4492-bf4f-0037a98eb2bd,eva.gray@apple.dne.com,rr0l88tm
6a09cb0b-53fe-4275-bbd7-55689e2145e7,fox.gray@apple.dne.com,w36ksvz1
229f3b3f-4d19-47cf-bf6d-8b283cff2bb1,gus.gray@apple.dne.com,m4wdu0nc
9e59c58d-4b2c-4df8-9f87-3ea75daa5b41,hal.gray@apple.dne.com,z4gszkcn
8132cc58-7b1d-40fe-9791-88ade5d1afb1,ivy.gray@apple.dne.com,yngh455a
3c81df3f-8253-4b86-a8f4-783d2028c73c,jay.gray@apple.dne.com,qvygfd6c
9bd49d0d-de19-4658-ac16-f660e71b54e9,kim.gray@apple.dne.com,rub2ceap
27372980-adf2-4c3f-a9a4-5dc247d68505,leo.gray@apple.dne.com,7pxojeqe
df11a16c-1fbe-4691-bc54-b09e0973ba1c,max.gray@apple.dne.com,4ttlsqp3
603e09ea-f0b9-4432-8b48-52ee68532d60,nia.gray@apple.dne.com,0pjaxxpb
a9d99fa1-c782-43c3-87c2-f6fca70424a0,oak.gray@apple.dne.com,j38jymx4
4f5b25f8-f6ca-450b-9e07-fc2d2431445a,pip.gray@apple.dne.com,d61z1xpz
175d9eb6-217c-4132-9cf1-45d7a0db8bd4,rex.gray@apple.dne.com,nug9p1a8
939a78e9-4030-4e9a-96a4-d70db8d2215f,sam.gray@apple.dne.com,5l0dk1ku
540cd244-896b-44b4-9ed4-5ae10fb8cc4d,tia.gray@apple.dne.com,6sxtnx50
12b812d8-3a9c-43a1-b3f8-18829befd772,uma.gray@apple.dne.com,d75asubb
c8aa3851-19cd-4667-9f37-704d8263c05c,val.gray@apple.dne.com,9w11oa92
4d691f51-78df-44b3-a88d-e13d7cf2e410,wade.gray@apple.dne.com,n3g26543
881e54f9-4c04-4a76-883e-28542539d3b6,xara.gray@apple.dne.com,z28l2s1r
6b6603a0-7c6b-45a2-854a-e1b78af5a4f8,yve.gray@apple.dne.com,c7c8zvih
213a21ed-0354-49ab-ac7d-0cd577b28715,zoe.gray@apple.dne.com,zbcvmhjh
7c21baad-2ae7-488d-89fb-3dcd566efc4d,alex.hill@apple.dne.com,fybr9w22
69080fef-c795-4aad-b53a-7d4b09fd0a50,ben.hill@apple.dne.com,i8j2s7bw
4b458a9f-4606-4e0d-96e1-52671c482222,cole.hill@apple.dne.com,riadzi46
72a2a870-e114-42ba-ba38-902fcfff3f98,dan.hill@apple.dne.com,vixitza4
42556404-5385-4c7f-a37a-665fb262483f,eva.hill@apple.dne.com,fhtuy3qr
d05d0e7d-6624-4d4f-ad17-68d90ad79f1c,fox.hill@apple.dne.com,vxp0hy7z
f4a0506e-1c7f-4b27-b063-5909ba0ecb26,gus.hill@apple.dne.com,u7ut0sqe
62541c69-241b-4960-a207-ef73430f6f14,hal.hill@apple.dne.com,88xzota3
51c22f74-1e68-47eb-98c5-89e4ad6edef2,ivy.hill@apple.dne.com,h707fgd4
bbab93be-707e-4f0d-adb4-4c31e073f4ad,jay.hill@apple.dne.com,kjvd7ceb
529ca12e-41a5-4f6f-804a-10aa4fc4195b,kim.hill@apple.dne.com,6i4s50s9
8bb4ff9d-daa3-43aa-b4ca-5280283a7bf9,leo.hill@apple.dne.com,2cx13sxy
e453bb3a-fce2-49a2-82cc-a375504a066d,max.hill@apple.dne.com,pnbeik3i
25d0a45c-3070-4957-b5dd-95731e44f5ee,nia.hill@apple.dne.com,cpw5ji90
dc81e5ed-271b-442d-9945-b04349fa5b40,oak.hill@apple.dne.com,cvy4fvtx
c1a67367-9686-47c6-ad0c-6d9dc1dae77b,pip.hill@apple.dne.com,yfydqy0h
e43451d7-9646-4bca-8d61-098e2d4ddc89,rex.hill@apple.dne.com,74kad5jq
93a67e20-066c-481a-865b-e1899a838daa,sam.hill@apple.dne.com,e89u85hy
b9fcbe17-4ce4-418d-837a-963f0294ac83,tia.hill@apple.dne.com,qzbg7xc9
12c25251-f962-4992-a315-c35dcd9545b9,uma.hill@apple.dne.com,dub6t7il
20228766-08f6-4c40-8f36-68697c82c611,val.hill@apple.dne.com,y7r2roah
fd253bf5-1aa7-471d-b850-2688687164ef,wade.hill@apple.dne.com,3f4qb47j
bd0e7fad-501d-4549-9097-5027b058e877,xara.hill@apple.dne.com,49rwpwd3
c700438a-5f23-4332-bd8a-353d779afa11,yve.hill@apple.dne.com,x167e3id
c1486263-779b-440b-bd2f-f0c3a83fb9dd,zoe.hill@apple.dne.com,y7lcyvnr
