d05ac609-9a01-41d5-9133-26939d4f5b8c,alex.ash@tesla.dne.com,85mr3p0g
bff1a5f0-5dce-4c49-87a5-ab8d439c1970,ben.ash@tesla.dne.com,xqjabsr0
8bb3e5bc-968b-481b-b1f8-9c02120e2da7,cole.ash@tesla.dne.com,qg8owyxt
d1a545c6-6110-4f15-922c-e27c5a987339,dan.ash@tesla.dne.com,q0rbib9y
789a29cd-3569-45ab-9382-236ff168ce35,eva.ash@tesla.dne.com,0zvcrnij
a3844458-efc7-40fe-9756-a148b222d64b,fox.ash@tesla.dne.com,enk35qtf
92e67d33-fb0b-438f-a5ce-61354bbc67ba,gus.ash@tesla.dne.com,l3lxtdlq
13f4d08a-b60b-469b-a051-82af11a8fa32,hal.ash@tesla.dne.com,0a6sxj5q
70135533-a2b6-4a45-8a65-e8fc547f89d1,ivy.ash@tesla.dne.com,dl20t56m
6fe63669-bc96-4ead-8411-52db67846b94,jay.ash@tesla.dne.com,mczsyc7b
d9da4faa-b930-4e44-9b07-2ae8800c258c,kim.ash@tesla.dne.com,1di7f5z2
da2ca6fe-8f97-4772-8002-9c3c3eb52cb8,leo.ash@tesla.dne.com,8s7ztkhe
5131664f-c2ce-4b03-bb1a-95c99015f2cd,max.ash@tesla.dne.com,qxm260yp
4c9f17a2-600b-4885-9ec6-fc20618d2a3d,nia.ash@tesla.dne.com,eku8017r
3ddb0852-678e-4607-bd81-706980950652,oak.ash@tesla.dne.com,47bnv2at
90ec1f89-e04c-4dd1-b15c-f0a869726764,pip.ash@tesla.dne.com,b76bfdhr
666c3f12-e589-4064-b3c3-fb01b5d2f926,rex.ash@tesla.dne.com,cppjmpnu
e5958d08-1160-4b52-9d1e-7c07810e7001,sam.ash@tesla.dne.com,fg999875
428d6b6f-68c5-4d60-aa67-46ef6d8dc727,tia.ash@tesla.dne.com,jxusufj1
9a46eaef-319f-44bc-9a52-6965a3231b98,uma.ash@tesla.dne.com,im2avye4
f4b9dad9-fa01-4020-b784-462a2c8a7b86,val.ash@tesla.dne.com,hpuw4jrr
af65bdbf-88e3-4755-956a-21771fb7e31b,wade.ash@tesla.dne.com,wnrem5yr
f00797bf-4e92-4eca-bb4e-01e49d0a6636,xara.ash@tesla.dne.com,pcfw4yh8
09ccca7b-e0ba-4e5f-8327-fa33f4d2ce7b,yve.ash@tesla.dne.com,dkbugx81
546212ae-9214-4c3c-b129-45aa43205a98,zoe.ash@tesla.dne.com,5g0mxy11
7355a6be-0fd8-4984-b9d4-fa0f6ac0968f,alex.bell@tesla.dne.com,s6608n66
6804f44d-807b-42b2-b2a9-b6182b2f94b5,ben.bell@tesla.dne.com,byll9ser
0f42bc96-d958-4c54-b7c9-a7cef2be475a,cole.bell@tesla.dne.com,wyfjpaga
584fe144-4a9b-4e3f-8f2c-f501fb5f51a8,dan.bell@tesla.dne.com,3xrtbd2i
069f473e-6e04-4c15-a492-d45662d8c431,eva.bell@tesla.dne.com,9mtgvi9f
348414d3-6db9-4223-9984-7ffd80702fbb,fox.bell@tesla.dne.com,s42k3b7b
3a834dd0-a119-40f3-b58b-0d43a6ee7f4d,gus.bell@tesla.dne.com,s582xh57
d8e989fb-599d-4f19-b2e8-f8f867fe7eb3,hal.bell@tesla.dne.com,nl3j5cqz
0cbdc25a-df49-4bb9-a92f-059ebc4a9b3d,ivy.bell@tesla.dne.com,1ukxs2vx
bdc57a12-3011-4493-b212-7c44cd45127b,jay.bell@tesla.dne.com,ofta4o9l
9ac1d28f-3174-42f3-9a36-d9e01d73d1e0,kim.bell@tesla.dne.com,knxy1nbe
c4e2a51e-9b81-4c6e-a5b3-f28627c76958,leo.bell@tesla.dne.com,fxm8avtn
6cf30a72-e8de-4ea4-b5a2-7fe022f7c37e,max.bell@tesla.dne.com,4kumcnh0
4eaead15-5684-4f30-a157-8cfa03cc5271,nia.bell@tesla.dne.com,aybul83j
c492f083-4070-4b56-8b88-a04dd3a7be14,oak.bell@tesla.dne.com,bef2zr2l
183545f3-8e00-4a27-b84c-665d6819e128,pip.bell@tesla.dne.com,26m1agnm
effff479-d121-44a8-8d3e-f54e872bba0a,rex.bell@tesla.dne.com,5l3hous2
bf13b5b1-058a-40a4-a543-40fcea97cc5f,sam.bell@tesla.dne.com,sp5fct0t
588301c5-a2f6-4d46-8e08-5da2d5c58864,tia.bell@tesla.dne.com,hw6vre4n
550aa576-8023-4baf-98b6-07a351e7f1ae,uma.bell@tesla.dne.com,piaktq5c
7ca91835-6f8d-4e10-bd52-a138e52706f6,val.bell@tesla.dne.com,ev51m6sc
dafc9674-0449-4003-9dc2-7909c217b34f,wade.bell@tesla.dne.com,yr2e27hs
1e34cee4-54c0-4509-b74a-27159b3c5c18,xara.bell@tesla.dne.com,yvbmi5ef
eca367b3-5bc0-425e-aa7f-10f6f3c79946,yve.bell@tesla.dne.com,nluet7cc
b4a9d4c5-bb18-4944-a6f9-69165437d8ce,zoe.bell@tesla.dne.com,iajsb3fh
42a94cd9-8cbd-4844-ace0-42bd1662d26e,alex.cox@tesla.dne.com,8xrqq987
e4bfc16d-9330-461f-8d90-5b45d746cc5f,ben.cox@tesla.dne.com,ek77etu0
1d820166-2c90-40d9-9c91-895180d2795b,cole.cox@tesla.dne.com,rrtpd95i
db452bd1-83e7-4cf6-a84f-17d23382369d,dan.cox@tesla.dne.com,97t9ao30
3a30f5fc-8249-422e-bc0e-afb362a08fc3,eva.cox@tesla.dne.com,8pqxb9lx
509ecb48-b31c-46d4-b506-808c14ea138c,fox.cox@tesla.dne.com,kwgmagg3
1b02cf9b-0e1e-4e20-b49e-4fc1976ebd3f,gus.cox@tesla.dne.com,fs62f78f
e8dfbf0e-44fa-4643-922e-be76830b5223,hal.cox@tesla.dne.com,xac8ik17
15887a09-98b3-44f0-9d10-8ef6a50d961b,ivy.cox@tesla.dne.com,2y51b2e0
ea60aa90-e26f-48c5-926b-88a0cf577059,jay.cox@tesla.dne.com,6p9yx1ea
b50cf0d7-d8fc-4fe3-81c7-8960bb5b85c4,kim.cox@tesla.dne.com,19ncakt9
0cd97589-5abe-41db-ad32-31db054ad4e8,leo.cox@tesla.dne.com,u9fbu1nj
f3457364-7714-4220-a8f2-c13b1fcbc186,max.cox@tesla.dne.com,qf5uca3g
6522e4d0-d686-4824-b07e-bd5073f8b655,nia.cox@tesla.dne.com,m9qzt8pw
79e83030-20b3-4eb6-bc54-049beb76a140,oak.cox@tesla.dne.com,fhobb4f5
8034b0e9-c69d-483b-863b-91db1bf18379,pip.cox@tesla.dne.com,bsbv3wif
9d7b649c-fcc9-4f56-bbef-be9b3226a845,rex.cox@tesla.dne.com,wa44cgfs
22cde69c-ff1d-4720-8547-acd2f9604d86,sam.cox@tesla.dne.com,ee212jek
4ee12e07-c2aa-48ea-a869-d6cd1852ef7b,tia.cox@tesla.dne.com,09ahatcr
cf2995a0-be10-4de8-be20-4c55c3f491c2,uma.cox@tesla.dne.com,0xk6wkg7
61808fcb-49f7-41a9-96c2-0e019984ebb5,val.cox@tesla.dne.com,5wf9wal8
1ff65cfa-bab6-4565-9f25-bbb939ffe12d,wade.cox@tesla.dne.com,sowh13dp
cf566ca4-1038-4fb4-9684-3fc287d5ff90,xara.cox@tesla.dne.com,hbftyxrh
bb394f83-3791-489d-b1d4-40043977d882,yve.cox@tesla.dne.com,y5g8mxj2
211c41e1-626d-4f08-9f29-dd475d9694a9,zoe.cox@tesla.dne.com,hin22elw
08a06c19-9573-4f3e-8e58-c99e6f2aa2be,alex.day@tesla.dne.com,lh0bx5xb
573c1efd-ab6f-44eb-8747-636d08897e22,ben.day@tesla.dne.com,8lrnnucu
6af99247-62d3-4eb5-881c-8e46e0e6724f,cole.day@tesla.dne.com,sz7hqtq7
df16615b-cf74-43aa-8ff4-31d1715ff878,dan.day@tesla.dne.com,deieomct
b0ee5eae-a1d5-48c0-a074-1e9ebfea8eea,eva.day@tesla.dne.com,qlv98qev
7e7cd9be-8b53-4b18-8022-a5003cc743ac,fox.day@tesla.dne.com,59pue9h0
2596e57f-19d0-4e31-9e5a-170c46497491,gus.day@tesla.dne.com,hkns1bwn
098a6922-ba52-456d-9bd9-7422d7116513,hal.day@tesla.dne.com,m2zjntv2
53507290-3519-4955-89cc-9434a078be1e,ivy.day@tesla.dne.com,i1dgzoak
47dfce10-a514-40da-a146-d7d5fd3b0aee,jay.day@tesla.dne.com,1g3gxnm0
09c70ff1-ed0e-41b1-9af0-62202fb13fbc,kim.day@tesla.dne.com,s5mov62r
c9a28da9-5ecb-4ee5-9bf5-7cd9f57ca24c,leo.day@tesla.dne.com,yrznv6u7
dc4c9579-33a9-4fb1-9f69-bd42c7e1389b,max.day@tesla.dne.com,g0hdwqju
e41235cb-8c74-48ac-bac8-6b11e4cc7a61,nia.day@tesla.dne.com,8nyb5jaa
e9676625-3d2f-4435-bd6a-ae2b3d6fc52d,oak.day@tesla.dne.com,76tf386b
cd1dc852-61a2-4dca-b036-670a240588c6,pip.day@tesla.dne.com,6l0fb3fo
6cd68641-2129-4300-b5ed-373984caf584,rex.day@tesla.dne.com,8rpdhmxe
9cb84d75-49cf-4431-a0dc-ce187ae8db60,sam.day@tesla.dne.com,k1k33tyv
e387ce79-7f98-4272-8f0c-9da06e87d6f9,tia.day@tesla.dne.com,akj5xn13
9d4d79e9-7c12-4c73-9120-484d977dc511,uma.day@tesla.dne.com,uvpay3zd
c4165842-2a3b-42db-97cd-c06db2dd1422,val.day@tesla.dne.com,uigraavm
8fef6a94-b942-41d5-a2b3-4e3acd0c50b7,wade.day@tesla.dne.com,0zl4erb2
237660fc-fa13-4e2c-8b3f-80b63bf4e00b,xara.day@tesla.dne.com,tnqxb0jp
83cbccc6-3a30-4326-a99e-cf193c62fa2e,yve.day@tesla.dne.com,dfeb7571
6cfeaa5d-1f5b-40e6-a6c7-edd7247c055f,zoe.day@tesla.dne.com,v800c6ky
3faaf2d2-f145-43b7-98bf-fb2bdbdd08b5,alex.ely@tesla.dne.com,g3gqat6r
f94d5261-a0eb-4922-a9dc-b93bfe0669fe,ben.ely@tesla.dne.com,5jrchwds
d7f69f4d-e739-4dce-9def-76013de30844,cole.ely@tesla.dne.com,wa0zllf6
95106183-f2f9-4f15-b15a-d96bda0bdcca,dan.ely@tesla.dne.com,mxgxwhtn
88f4fff6-aa72-4b8b-8b43-c19fb9dfc2f3,eva.ely@tesla.dne.com,xrkm1m8d
5e405a54-8ea7-4bc2-bae7-555380ada35a,fox.ely@tesla.dne.com,kjbfprwq
8d56a6f6-4510-44d9-a9a5-2daa89c50273,gus.ely@tesla.dne.com,ca837o0w
eb34bdba-2fe9-40d7-8000-a6a212377928,hal.ely@tesla.dne.com,vppta3vs
0fb2beaf-036e-46e5-a908-f9b4b655d0eb,ivy.ely@tesla.dne.com,g0fjiwm3
0f77799f-67a3-49e0-a11e-cbbbecc74445,jay.ely@tesla.dne.com,q3m5x4dt
e4b3d3a1-8707-4a8a-a547-5bcba2d70f91,kim.ely@tesla.dne.com,y3y5ujj0
62e6081a-8161-4e5b-8bfc-62561cdf5b71,leo.ely@tesla.dne.com,fonmrwyd
4418b28b-e6b5-41f3-9424-5c26574d96a4,max.ely@tesla.dne.com,kbzj21aa
54e98f64-b365-4dd8-88b3-7969b12a5555,nia.ely@tesla.dne.com,hqlqehb4
6a370d7c-ae08-45f2-ac7b-34962920aed7,oak.ely@tesla.dne.com,lpn9kx3r
c4672645-cd7f-4533-b45a-e985665d00ea,pip.ely@tesla.dne.com,gpd3oguj
1c197e08-965a-4bdb-94b3-1571cb116d3b,rex.ely@tesla.dne.com,dsaj6f9u
ced598ae-d43e-4fb2-8841-899ab59106c3,sam.ely@tesla.dne.com,hgzbnd8x
7119a195-19c6-4030-bc89-0d66b2aa51b8,tia.ely@tesla.dne.com,fifrtcmg
a5978465-2c90-4ec6-8157-c459429fc9d1,uma.ely@tesla.dne.com,cptpxhkw
a2c08e60-38b2-4d3d-a4d3-037bef025f17,val.ely@tesla.dne.com,m1h05gpr
6ff97d23-116d-4b1d-8616-ac5419af35a1,wade.ely@tesla.dne.com,f3t702px
227b18e6-8c50-4d80-bfe0-4bedb78e44d5,xara.ely@tesla.dne.com,c71cpjj0
264225e4-c8bd-4bf7-9016-7a45b882bdc4,yve.ely@tesla.dne.com,71ul8hhm
5a4d01c3-2a9e-4fcb-9f91-1183af93abf0,zoe.ely@tesla.dne.com,m2hfq6lw
2f53deb4-2f1e-46c5-8ada-6703192c14f6,alex.fox@tesla.dne.com,kubbd3ks
d7eb4d34-4f4f-42f1-b556-d379ed58b371,ben.fox@tesla.dne.com,ebbmhuc4
330e3993-47b3-4d2a-8c11-c894cd42089d,cole.fox@tesla.dne.com,659ed68m
d3df001d-9691-48ae-b7bb-7708d739ef90,dan.fox@tesla.dne.com,686ydg66
0bd8b908-e889-4283-8e2a-3d47c766c94b,eva.fox@tesla.dne.com,ixvkm2ws
d6dbd098-47a7-4d6f-b2c6-84f017160625,fox.fox@tesla.dne.com,4yh1ekho
de5e2bbb-f4c4-4728-a843-aec0d55cfb2b,gus.fox@tesla.dne.com,xl24p9ug
7c06dfa8-b2e1-41b6-bf12-48abad64815d,hal.fox@tesla.dne.com,5ufswguu
78cb86dc-a658-4381-aab1-1c7eb9e86481,ivy.fox@tesla.dne.com,4h0npkwd
5bdd7b7c-62c7-4e11-8dd7-4b3db89a1acf,jay.fox@tesla.dne.com,ka09eaop
daa6957b-80c7-4108-91d3-69889366f80f,kim.fox@tesla.dne.com,6f3i5iwq
cdeddb0c-e3e2-49cc-ab14-5e79903531d8,leo.fox@tesla.dne.com,cb5p8vdu
c826bd9c-3e20-4d3c-aed6-6b4f6da64eca,max.fox@tesla.dne.com,tg3xiy9s
07e7a238-16e6-4759-aae1-7ad58e96b477,nia.fox@tesla.dne.com,fywr2l33
96c0fdcc-5ac1-4fd3-b594-9566323f46d5,oak.fox@tesla.dne.com,dsyyvxwt
afd77fb0-d1ee-451c-8ef9-3698afbe28dd,pip.fox@tesla.dne.com,3dymylaa
852e4243-b30f-4312-9587-ac5d59236768,rex.fox@tesla.dne.com,zxm17qxv
6339ab45-302b-4a37-8d58-de48a4d95cf9,sam.fox@tesla.dne.com,ch6ocn5x
36e5c6d2-b061-4551-80ea-85e94fbf245a,tia.fox@tesla.dne.com,l0yy8suy
4bc1e8ec-08dd-459a-a1a6-66766c368465,uma.fox@tesla.dne.com,kr61k2x4
ce376e2f-3890-442b-965f-326125d4d157,val.fox@tesla.dne.com,jsz3v86n
990e6859-a296-4f40-9546-b7cec5ddff05,wade.fox@tesla.dne.com,toereaku
e0e756ad-ff39-4844-a312-17c64d9b3ae0,xara.fox@tesla.dne.com,1p42je7o
a3da9e50-9666-4aa7-ab8b-94c8ccb981ea,yve.fox@tesla.dne.com,oy7ducoo
ca138497-c280-4dc7-a163-605b3ad599f2,zoe.fox@tesla.dne.com,kk598moj
016b6bb3-c86c-4634-a211-3716a8584211,alex.gray@tesla.dne.com,jutfg9ey
6d33ad4c-c3fc-46fc-9694-9fbc1dd19e9d,ben.gray@tesla.dne.com,ndxgay7e
7759e22c-c741-4abc-80e8-f4a791414dde,cole.gray@tesla.dne.com,cosift91
e1c6d822-c690-4897-962a-e797731ce0a5,dan.gray@tesla.dne.com,ntuy7xoj
3f849b22-69de-4637-8de7-fc7c0a3479c9,eva.gray@tesla.dne.com,k0lspmfc
b692e72d-4498-48b5-8d7f-7f90c3a6542a,fox.gray@tesla.dne.com,2d0ll03d
6a08852f-88e6-424d-a607-119afaba521c,gus.gray@tesla.dne.com,zgw8r5op
322e33c8-ba4e-4587-98ca-2cca753c49fc,hal.gray@tesla.dne.com,vpel71f1
9d6e7342-dbf9-4de1-a752-36d764ebc4ff,ivy.gray@tesla.dne.com,bzhk986w
87610d84-2439-41d1-b57a-8ab3c48f19fa,jay.gray@tesla.dne.com,4rtyovs8
436c8f62-23f4-466b-97fd-6539511e00d0,kim.gray@tesla.dne.com,vkmra2xg
27bb5564-a563-49ef-b293-f30c8c756240,leo.gray@tesla.dne.com,v5t6txaz
042558f8-cdd9-417a-a91e-fe78902d9434,max.gray@tesla.dne.com,5uqpphoz
9eef3468-c5a4-4a1a-8082-edb6876b3ad8,nia.gray@tesla.dne.com,urvakwgb
1164fde5-b71f-45a1-bed6-02a5cb9a6bdc,oak.gray@tesla.dne.com,6vcr6enm
9dc69fff-abc7-4279-a511-94b85dad2725,pip.gray@tesla.dne.com,1x90ngyx
718fd396-91e2-4bfc-8d9b-2c6a3ce7f458,rex.gray@tesla.dne.com,gmznrabk
3f7f6d18-535f-40a9-9f22-fd0822f67d2e,sam.gray@tesla.dne.com,n0d2v1h5
8e6195a6-0a1a-4284-b58d-0d429aa63b1f,tia.gray@tesla.dne.com,trftfoxm
abc3cb10-9d30-4dc0-abb1-07aeb3a83f1e,uma.gray@tesla.dne.com,gxmos01t
403e8f17-bd17-4d85-b142-3084b61880cc,val.gray@tesla.dne.com,chquplzi
65e91b6e-07cb-483f-9e59-aafe08e27a17,wade.gray@tesla.dne.com,t7aan6vj
dc3ff30c-ac69-41be-b005-02101197ed49,xara.gray@tesla.dne.com,krmzw92e
5c72386a-ee99-4b8b-878e-e1c3a22d7ae4,yve.gray@tesla.dne.com,cwq6pumt
149ce7b7-2375-43b4-9b1e-0519dc528bdf,zoe.gray@tesla.dne.com,p1xbad03
cec7594c-68a9-41c6-97c3-0e15f3cdcf52,alex.hill@tesla.dne.com,ashp5lbq
8043c017-2ca6-4cf6-bd13-a862f5ef649a,ben.hill@tesla.dne.com,jjya576b
15b2cfee-a47d-4e7e-a2df-e269903e4684,cole.hill@tesla.dne.com,dr3buvik
9d00b9d0-6621-4947-bb3a-ec2c25b60579,dan.hill@tesla.dne.com,yafekatf
5708757d-83b8-4c44-8348-214a486017a4,eva.hill@tesla.dne.com,4ut33plj
11f8a610-3c74-45f4-b215-1b47282ab575,fox.hill@tesla.dne.com,fkpskq6p
449f30cf-3175-4510-9985-6165c774e404,gus.hill@tesla.dne.com,6cz2prem
7fdb2ce8-28a2-47b9-ad93-29a9d1dcb510,hal.hill@tesla.dne.com,99v2q9n6
706d79ac-6923-4164-8040-9e13f1e47b13,ivy.hill@tesla.dne.com,vddt9pfo
074537e5-018f-41b6-ab50-baf089526ae5,jay.hill@tesla.dne.com,5a637kfy
6cb0c11e-b2b0-4f80-8ccf-8cb03488d2a1,kim.hill@tesla.dne.com,w7zj2hmb
d33102ab-7186-4525-9b71-2f34c77275ee,leo.hill@tesla.dne.com,l1x1fuv3
fb9e1620-3a42-439d-8713-59801c7e2336,max.hill@tesla.dne.com,l8dpmg0d
9a3966fd-f1b6-4eaa-b5c3-681d6d3a4e54,nia.hill@tesla.dne.com,q1f2w7xj
92544d14-6a69-47a7-bec3-f966848f7107,oak.hill@tesla.dne.com,kf7mpyb4
36194d07-f43a-45b0-836f-c97a3d38b097,pip.hill@tesla.dne.com,786qvqot
4125f2fc-4991-4e55-8f67-18e1715ae7c9,rex.hill@tesla.dne.com,29hei1qd
9f7073ce-78ed-4e15-98ef-518ac6f3f6b9,sam.hill@tesla.dne.com,kc4gkhkq
eb1ba293-a962-414f-bcc2-28e4159ed1df,tia.hill@tesla.dne.com,bqq3ggf8
87cd5f23-281d-4442-822c-4289e3851cd0,uma.hill@tesla.dne.com,agmoiu9n
1a250ae2-ce1a-4aa3-8ec4-5fddbf435ddb,val.hill@tesla.dne.com,w1k4vxe7
c8cf8797-04af-4fe4-9f2a-c8d21111a78a,wade.hill@tesla.dne.com,miz0ldmh
71f69c82-491d-4f0d-9a6e-74b11471e793,xara.hill@tesla.dne.com,dodi20ab
6790a389-0e65-4542-bdc8-f827c57fb6e2,yve.hill@tesla.dne.com,gsa0lds3
a82ec967-f46f-40bf-906b-af77cd4ea9fe,zoe.hill@tesla.dne.com,ie85nibt
