d87b0315-e31a-49a9-b3a4-e77733fcdb0f,alex.ash@meta.dne.com,t9s30fvm
13e082ae-de62-483d-a7c5-2beea0366b9a,ben.ash@meta.dne.com,hifyl7zf
f444cb59-8861-4292-8290-7704139bc2dd,cole.ash@meta.dne.com,c89ukdbd
f86d45f7-ec40-4b24-8143-a4bd121afeb2,dan.ash@meta.dne.com,8cwxp1rh
ca2d15de-b728-4f4f-9b89-15bf0c9adf65,eva.ash@meta.dne.com,hr6ersqk
f42ce28d-8b28-43b3-9e0b-4e9358a9b503,fox.ash@meta.dne.com,71xl8sp8
0374d727-0aba-459b-bf54-6d57e14f4b89,gus.ash@meta.dne.com,vhyrpzdd
fefc7ce2-49fc-4f61-b377-5ee72a792fe9,hal.ash@meta.dne.com,mhkun886
ac568fc8-886d-44ff-9d15-340bd0e58857,ivy.ash@meta.dne.com,8x46melq
413b32cf-7e79-45b9-a616-9f52448cd10f,jay.ash@meta.dne.com,hne5u8s4
127f07db-4ad1-4384-a085-4ebfdef9f09b,kim.ash@meta.dne.com,3h988ldg
38e61bb4-68c5-403a-a680-ae8a97575806,leo.ash@meta.dne.com,1m0p65iq
0c87edb6-743f-41ad-9927-b73859ce5df2,max.ash@meta.dne.com,wvmefjs3
b112d431-2337-4f93-8fcb-059c7cc9397c,nia.ash@meta.dne.com,kyef9fpy
e2c3517a-8da8-47e4-ad07-1f6b13d5345c,oak.ash@meta.dne.com,n4thxz5e
3605149f-290d-4672-b865-156e976852ae,pip.ash@meta.dne.com,vilzzrxi
a616dd6e-d7da-46ba-9ff4-0b2d09377938,rex.ash@meta.dne.com,kps10irv
6b455eb8-430f-42b7-8ab2-a443980e443e,sam.ash@meta.dne.com,x1cac1b0
233f2464-acca-4c63-858a-a4c03faf4161,tia.ash@meta.dne.com,f8dpgshu
51b2fb01-4d20-42ff-923f-e07cad6689d7,uma.ash@meta.dne.com,yqrzutib
e74880ab-c64d-45b5-8619-ba8e87dd666a,val.ash@meta.dne.com,bhpd22o6
c60cb93a-ede2-4233-800e-5b5f5fefccdf,wade.ash@meta.dne.com,ourg3pn4
6c363e22-8792-4e1c-a6f5-f6785b9a9a43,xara.ash@meta.dne.com,cgorte6y
63eeb6b0-703e-4419-be2a-70c7123f0d1e,yve.ash@meta.dne.com,r7v7n2ga
d1a74cde-3f19-4e9a-a0d9-0fe7ca5e961e,zoe.ash@meta.dne.com,5qhrlytd
9a229d0a-5afa-4a92-b684-8f7e91c0604e,alex.bell@meta.dne.com,isbrgrkq
9f41fc6a-3bf9-406d-b461-c7d29a459aed,ben.bell@meta.dne.com,1fl2tazp
73a7f2b5-73f4-4ae7-9262-0960a7218d7e,cole.bell@meta.dne.com,0mrka0xj
b3cb02f2-9acb-4b51-b3cd-8ae63fb663c2,dan.bell@meta.dne.com,b646j0ww
c00a84a5-dee6-4014-a9e4-6bcbc134894c,eva.bell@meta.dne.com,1y9df3sb
3481b7dc-6281-4ac5-80af-d83783624268,fox.bell@meta.dne.com,z4g1yqqk
5395d51a-0a53-457b-b7ac-7501285e71e4,gus.bell@meta.dne.com,mcnhnxvx
52519bbf-41de-4a19-9941-8fdf9d8d19f1,hal.bell@meta.dne.com,z08nbwro
5a8ad50c-8452-433d-9b5a-5bf38e56653b,ivy.bell@meta.dne.com,ipi4g6he
13f42296-21ef-4e00-b52d-cf036610f958,jay.bell@meta.dne.com,bu4h0mtg
30f67da6-0c82-4332-8a31-debc2b58fd19,kim.bell@meta.dne.com,695szysp
a96f79c3-91eb-4030-841d-51a840280ec8,leo.bell@meta.dne.com,pyiaqvqg
413c63ca-b5fb-42b8-8146-a7b0c2905bd7,max.bell@meta.dne.com,2e5n240f
0331f3af-1cb5-47f2-9515-2a9df8f2bf22,nia.bell@meta.dne.com,pal9b6wj
d9e7011d-2c48-4704-9c63-9e77e3d793a4,oak.bell@meta.dne.com,z5lmte03
d755e893-15e7-45aa-b730-3d5328fa9a19,pip.bell@meta.dne.com,123yg8ck
489a6090-b6a9-4025-99df-04a485fdd5af,rex.bell@meta.dne.com,l6smfcs1
14372fb7-4df1-4212-bbc4-a168007e998e,sam.bell@meta.dne.com,1pu7tbzm
ad9847e4-2cb4-4880-b6cf-99d6246e8585,tia.bell@meta.dne.com,m4ikmcqf
25e4cc28-48e6-4aaa-9e78-33c099e7b146,uma.bell@meta.dne.com,sy51pmxe
edb367c6-5ed7-4da2-a5fa-d149b90c99fd,val.bell@meta.dne.com,nnn5sbpq
d0956542-a3b7-4da7-bceb-6405ecc43ac0,wade.bell@meta.dne.com,ytss0zaq
7e5db9d1-165f-435b-8919-4b4b1e0f5ee1,xara.bell@meta.dne.com,lnqbiqt9
61fdce15-f8aa-4fb4-886f-3405fed6fa17,yve.bell@meta.dne.com,3mfjkbit
23535c20-4051-4a63-8bc5-558e2fb669fb,zoe.bell@meta.dne.com,7jaabk2d
080417e9-649a-4e6e-8b3c-ac2e73bebff0,alex.cox@meta.dne.com,srmb6g9h
08a25b19-6ef3-4ce4-b38d-f348aacd91bf,ben.cox@meta.dne.com,8tt5mb0h
f3396f8f-a55f-45fa-858e-e3a240a78424,cole.cox@meta.dne.com,wvfly4zh
02609eba-3ca9-4ea5-bbb0-62e79db8318c,dan.cox@meta.dne.com,jqt76w00
b45784ae-872e-47a7-b4cb-6be3d916b064,eva.cox@meta.dne.com,98oyg15h
a941c20e-a040-4b6f-9b62-1e4780f7c12a,fox.cox@meta.dne.com,ylughy4t
65302717-7f27-43d6-96fd-ed4bfe84db74,gus.cox@meta.dne.com,rxf8vitz
3004e3ba-0a7e-4ced-8fac-2e6e1914e644,hal.cox@meta.dne.com,7ws8mfyy
1181dee6-3f04-4f16-b2ad-4e8e10895049,ivy.cox@meta.dne.com,zctqcfh5
cec88643-6306-4111-a61a-8ce14f275feb,jay.cox@meta.dne.com,fgvn77zf
803b3aad-af1c-4376-952e-02222d2c420c,kim.cox@meta.dne.com,nrntlawn
1343d284-69ce-43b7-a0d1-e58287e0f602,leo.cox@meta.dne.com,3gaiw6a9
f132841a-098d-4b82-a066-cc6d6fff576f,max.cox@meta.dne.com,wmjxntyk
4d32a578-7053-4fd6-b3b0-e57445bdb685,nia.cox@meta.dne.com,3x25fhg4
87dfdf1c-edd3-4566-9b44-525b894867d5,oak.cox@meta.dne.com,dwakc7e4
825a3a6c-f762-407b-b66f-2c177585654c,pip.cox@meta.dne.com,ogp5b70r
bcd4e023-eeb6-4471-8a00-f35ecb08caf0,rex.cox@meta.dne.com,6yhw55om
b24b302a-c2f4-4fb6-ae85-ec39ce8706e3,sam.cox@meta.dne.com,p86k3c6o
a0a04f70-279c-4ad8-837e-a1ccb1266498,tia.cox@meta.dne.com,e181mu5q
8910c7db-abe1-486f-a7b6-48155983c41a,uma.cox@meta.dne.com,8d80zqus
6487631a-fe3d-47db-a684-270fdd51711e,val.cox@meta.dne.com,7hcmr63k
6cd9e714-7d92-4f9b-95a1-80e8933e1e9e,wade.cox@meta.dne.com,3slxzb93
2601a894-8f63-4d5e-9dde-fded27867e24,xara.cox@meta.dne.com,9p078yvz
40253ccf-34b0-49e6-9fb3-0d0611dd5ecf,yve.cox@meta.dne.com,8kpq6b1k
1430ee4d-c831-432b-bb61-3b2372efd3a0,zoe.cox@meta.dne.com,x68x89dp
77cca2e9-b7fa-453f-a9c7-4b02320dcf82,alex.day@meta.dne.com,hhirg03t
b6641f0b-7854-40de-b5fb-c020b96fe8bc,ben.day@meta.dne.com,9qti49va
ea68608d-c055-4ec3-8e73-d24289ab1949,cole.day@meta.dne.com,thf9ufkz
14af01a2-705c-4226-9277-92eb770106ee,dan.day@meta.dne.com,ksw984wy
b09c8e5c-3194-4984-b5b9-dd3b546e9ea4,eva.day@meta.dne.com,mko3pow2
3c020c99-7b8a-437b-a79f-9b46169fe74e,fox.day@meta.dne.com,snrgbiir
818d4988-7b45-49f5-a1c2-47e1d21be75e,gus.day@meta.dne.com,97im3vib
88202c49-c195-4358-8928-22210c2e2a0d,hal.day@meta.dne.com,kh2abn52
621ba852-c420-446a-a28a-56d9e40f5472,ivy.day@meta.dne.com,gkm4flmy
9d8e4815-94af-497c-b10c-d724db65de1b,jay.day@meta.dne.com,27koyqud
658eeee1-9dee-42df-a9df-cb1b2873d76a,kim.day@meta.dne.com,84cgdtc8
ab2d55dc-000b-4bc0-8909-c37755933ef6,leo.day@meta.dne.com,2w5s7kq2
429bf163-1897-4429-a7ae-15a1d42d8aff,max.day@meta.dne.com,zx4tmcux
238cce7a-2246-44c8-be11-d202e04252c5,nia.day@meta.dne.com,xrlkizuy
f7465a14-809f-4b4f-9f56-49c069db0172,oak.day@meta.dne.com,176s30ht
c9d04999-f3b4-4d8a-b192-fec981d34c24,pip.day@meta.dne.com,623n6zbc
11d08958-e4da-483c-bdac-2b93b1d050fe,rex.day@meta.dne.com,zxdwiire
e749118f-4336-49e4-89da-36f155b27808,sam.day@meta.dne.com,1smhlutt
188c73f5-2872-44ce-b122-d93a91f4eba4,tia.day@meta.dne.com,fx66dtew
4b8ffde9-4c7d-448b-af71-2371ed359939,uma.day@meta.dne.com,kv9mws1y
e4cd4c58-f9b7-461b-aeb3-f4c154738d11,val.day@meta.dne.com,r3v6wt5p
7352ff82-1eb3-4e04-93b0-8256e65c5d48,wade.day@meta.dne.com,4p7hrw7q
fa9b08c8-6266-4ac0-8454-a5f689ec3f12,xara.day@meta.dne.com,bhfom0wm
ce444cfa-4733-4e7e-abb3-3ad123e2039e,yve.day@meta.dne.com,7akcqvgm
502ed04a-3b3c-4e50-a426-2289e3c6af23,zoe.day@meta.dne.com,6iyyjkmc
123fc002-c13b-438e-883a-66a41077847d,alex.ely@meta.dne.com,dzyizqi3
6dad1647-4360-487d-931d-b1b37585aba4,ben.ely@meta.dne.com,xo57u1a8
58c4745c-b092-4adb-a512-84898214b510,cole.ely@meta.dne.com,bh3mdmgi
ed32c4ba-445e-46cb-9970-37e31c6ee27e,dan.ely@meta.dne.com,noh5pxsu
363fb6bd-4648-4e8d-9c6b-9f68055cc085,eva.ely@meta.dne.com,gragekcl
ad2c8403-f01f-4b96-9cd1-399f9c053f28,fox.ely@meta.dne.com,c9vb84qi
4b9d0482-1ada-4bbf-8f7d-cee74121fc27,gus.ely@meta.dne.com,2qt5yd3b
87f00ff1-c5fe-48d5-94d1-78ae35b5ac22,hal.ely@meta.dne.com,8gy28syt
c2bcadad-3e76-4eee-a882-67d3e643d424,ivy.ely@meta.dne.com,ofxcpkl8
d0949e72-a0ab-43f3-baec-67ca69d3fe26,jay.ely@meta.dne.com,nkzdqpnh
1262e1b5-8f11-4ae0-badb-207d5db84a62,kim.ely@meta.dne.com,vcwyfoms
07e25477-9b31-4711-b16b-643782c89c06,leo.ely@meta.dne.com,l56o7bzm
508364d6-c8fc-4b27-87d0-1806f7cda452,max.ely@meta.dne.com,ah10kdmr
1c5222cc-243f-4014-b986-9459cba032d3,nia.ely@meta.dne.com,hu85a24d
7559dd8f-b113-46cc-9704-519c8a848113,oak.ely@meta.dne.com,jpj49qqr
9dcbbaec-c126-47e3-a52d-adca2b22210e,pip.ely@meta.dne.com,74yunwm7
e4b08fe8-9f7b-4a6b-8b56-eef517e2d265,rex.ely@meta.dne.com,uygyzae1
7729c079-0d67-4212-a06a-7603a45c8a8d,sam.ely@meta.dne.com,nf8s7n3n
f9459857-55cd-480a-a560-9580c5d8d51e,tia.ely@meta.dne.com,5j2gsfge
d51d3f82-d9dd-4bc1-ada5-5dac21406c70,uma.ely@meta.dne.com,j4mssdo4
3b4383d9-f650-42c2-b3ed-a19efe18e76c,val.ely@meta.dne.com,gix27f0d
23c47683-6501-4dde-86e0-4951959b9d46,wade.ely@meta.dne.com,2r967xgi
a775f601-2e8b-4679-86b2-14a13c38a5e8,xara.ely@meta.dne.com,ylbuiidd
b6d49994-b44f-48f3-894b-671b84ed53cb,yve.ely@meta.dne.com,mp2jkup4
404c729d-2ffa-4310-a2e5-b688beb327a2,zoe.ely@meta.dne.com,47fok952
75b1c376-ccea-47c2-ba1d-f46d4a86f3cb,alex.fox@meta.dne.com,kptxx40h
0872c054-8b25-4ffc-8e59-47964e93e0b1,ben.fox@meta.dne.com,edis8v7d
324ef03c-5612-4c36-9bea-800a8fa887f9,cole.fox@meta.dne.com,6hew2agb
ffd2b910-8cdf-4390-91d0-906148198cd5,dan.fox@meta.dne.com,d9tl1x99
a30be1ec-f0f4-43f4-a697-9fbb4441b5fe,eva.fox@meta.dne.com,gd9q9a0r
92243b1f-780c-48e0-89e5-73d84030325a,fox.fox@meta.dne.com,1m90lzf8
03df434c-3148-4287-a366-a172c0d268c5,gus.fox@meta.dne.com,jll42gwu
4fdb01d9-5757-4f22-8128-2428cf8225e4,hal.fox@meta.dne.com,olo4pa6o
2902fc17-7609-4273-93e8-164dd304f7f1,ivy.fox@meta.dne.com,jzm0z5al
34822b83-aa49-4f99-bd49-9b09c8b967fb,jay.fox@meta.dne.com,f0fd3f6v
5a231c17-999b-41f1-b36b-79519fa7bbc0,kim.fox@meta.dne.com,zt4h9u51
5427eedc-1946-44db-9f6f-166c6cf61201,leo.fox@meta.dne.com,vbr8qb8o
6902859d-0c78-43c5-b5c7-197f8743b55d,max.fox@meta.dne.com,g6yzt0qe
aa707363-aae0-4b36-98f9-625a35166c3a,nia.fox@meta.dne.com,6oh30far
5851f95f-0015-4545-a3bd-0c8a50d1c570,oak.fox@meta.dne.com,5g2a4c4p
4bb3437f-2c32-4328-9aaf-9a54012eb571,pip.fox@meta.dne.com,9deaf6h7
22f52ad5-01ab-424f-93b1-118ae60cd1ca,rex.fox@meta.dne.com,3z3marqu
d33d825f-f441-4123-a607-68804dab1b95,sam.fox@meta.dne.com,e9m8mi8l
73cfafbc-994b-4e4e-a136-152bdc9d768e,tia.fox@meta.dne.com,qovuj9yq
25995f9f-85b4-4afc-a4d3-912556d71a90,uma.fox@meta.dne.com,t57h1007
fa515cd7-ab1b-437c-9d4c-e7104843c6da,val.fox@meta.dne.com,pb459w1b
e8585de1-226a-422d-b3e1-c4a62f92862c,wade.fox@meta.dne.com,9w8ulvhd
d922e5d5-d5c3-4b98-8b11-fad26838ef7a,xara.fox@meta.dne.com,nsnohuht
7cd57220-7813-4374-b0b0-2468a8b4ffd4,yve.fox@meta.dne.com,2llng80t
bf4e467f-73d8-4d43-b633-5e7940f10b1f,zoe.fox@meta.dne.com,hed376e1
de90d84c-1606-4cdc-95ea-d31c469cc48d,alex.gray@meta.dne.com,sbrtqb8k
6c46f570-20b4-4de4-82df-7633353bb7d2,ben.gray@meta.dne.com,637yimp6
860a1ca1-a563-428f-9e20-05c17621eb43,cole.gray@meta.dne.com,si3xiyfg
96753a66-eb75-4d93-9f87-60a3343356a9,dan.gray@meta.dne.com,se2z5s0h
d7417a05-f712-4f03-881d-aef2bbb0ef11,eva.gray@meta.dne.com,jxz7fu0n
55e0c974-39aa-4def-afd0-2f19e7d55945,fox.gray@meta.dne.com,isx671qc
df5c032d-3f58-473c-aa16-c8eaa2b24640,gus.gray@meta.dne.com,68d2247a
a65960c6-d122-4a87-9d14-3f343ecca22c,hal.gray@meta.dne.com,1086n9id
4875da62-215b-48e7-9b0e-0e1354ddc2e1,ivy.gray@meta.dne.com,96ta0smt
bf878235-b531-4dc0-ad2d-371d3fdcf31c,jay.gray@meta.dne.com,6xhmva7q
6e22fbf2-4a7e-45a3-89f5-9b44277909b7,kim.gray@meta.dne.com,xunht7ec
18838584-05e7-4f82-8e79-a02108f74644,leo.gray@meta.dne.com,4dikky6i
5a60f3c8-30ab-40d4-803a-31a8a514034f,max.gray@meta.dne.com,2mxn589p
b8867387-00ed-4369-9c16-820db1ae3bea,nia.gray@meta.dne.com,x9mlvvpd
a3c68b0a-ac43-4bb3-95ac-fe595cafb490,oak.gray@meta.dne.com,zknm1aio
b2821690-ec9b-4d0a-b574-5645bbaea579,pip.gray@meta.dne.com,huylp0cy
04fe4c75-7d4a-417a-b9fa-7c198dcb1d61,rex.gray@meta.dne.com,1b45rso8
62f74b00-7817-4f45-80c6-4c972e9b0935,sam.gray@meta.dne.com,cucjpma1
a08107d5-1a44-4350-bb6b-43eee3169d19,tia.gray@meta.dne.com,jslzb3a3
083a70e9-a4d9-4127-aa3d-8afd6a974c22,uma.gray@meta.dne.com,1vbsoxu9
bc2b4b09-d2ba-4fef-aa51-2c7913131d83,val.gray@meta.dne.com,hp05xx6u
c67e2c66-5c0a-43ef-95db-d30238a5edc3,wade.gray@meta.dne.com,sytkse09
776f8326-e998-41bd-8610-8515793a42fd,xara.gray@meta.dne.com,ryqb6q82
01aef912-36ac-4287-b092-05f841dd60c9,yve.gray@meta.dne.com,krmm2s0x
067b7765-a3de-439d-aacf-9e3b0adbce1b,zoe.gray@meta.dne.com,aokv4fj1
5977bc4b-18ea-463f-b242-d41b3d3dbb3b,alex.hill@meta.dne.com,zd1lwh0q
8dc42019-bae8-48d6-91d3-34f13dd5272e,ben.hill@meta.dne.com,k2zmc0mt
c82be1de-6970-444d-b2ca-00aa425eeca5,cole.hill@meta.dne.com,p3bykvpj
0a774a16-9f3e-4812-97a7-6bf1f4a7370b,dan.hill@meta.dne.com,xcmtnde0
9faf1f78-ba22-4d24-a15d-f8d7043fb724,eva.hill@meta.dne.com,de5gujn6
08158980-b285-4c93-8907-57716e0b2377,fox.hill@meta.dne.com,te91bwgt
db8f5c2b-5dcc-4846-ba1f-cd221684deb0,gus.hill@meta.dne.com,xkk4bu3t
b33beaf3-49dc-42e0-9eae-495dcd37611c,hal.hill@meta.dne.com,zay84suo
46b2a078-bcf7-4c86-b02b-dc8079c031ee,ivy.hill@meta.dne.com,ppwmxe8y
081f0cb2-34c9-47cc-8541-7e5e2ae9965b,jay.hill@meta.dne.com,soem9mwf
ac4a46eb-feba-49de-9368-f9d98b7aaa24,kim.hill@meta.dne.com,kg3mxg4p
cb85fd56-691c-48c4-a6b1-71c02295b014,leo.hill@meta.dne.com,61q0hsjq
35007715-3ddc-48ce-9b56-7c7c68ea3738,max.hill@meta.dne.com,05zlzmwe
76822cab-c5c8-489f-b4c1-48bc966a63a3,nia.hill@meta.dne.com,pf0sujzj
396a6e40-8088-4422-bce0-73e0e3b9756f,oak.hill@meta.dne.com,k3jyv7ld
6d946cf3-367d-48dc-8135-63e978429b41,pip.hill@meta.dne.com,gv3126j4
3e1a7069-c3ea-46aa-85f7-5f88ffab5416,rex.hill@meta.dne.com,sur3s3cb
f2a42ece-d0d9-4316-9a9b-714035e716e7,sam.hill@meta.dne.com,n7ww0ws7
9205b16a-7ed6-41cc-81b4-19bcdcca68e9,tia.hill@meta.dne.com,ftlk1s0o
e229b4f1-6a7a-419b-8b66-ae59d0877253,uma.hill@meta.dne.com,w9a452oa
903466f1-4c0c-4326-841b-c840a9b7e6cc,val.hill@meta.dne.com,6476va9r
f0e74fe2-0c5a-4613-8215-4075d5320597,wade.hill@meta.dne.com,8svz9mv7
33b754f5-d136-4936-b31c-bb8f78982b14,xara.hill@meta.dne.com,erkxhpba
1fc87d6a-ef56-42ba-8717-8e2aae4e9af1,yve.hill@meta.dne.com,qwoj3ivu
3109c3a9-a7d3-4e5d-92a1-7e65a4928eec,zoe.hill@meta.dne.com,f9sfzdsm
