dd1a3ae9-1c97-4128-bce9-b0b7a67962ef,alex.ash@zoom.dne.com,eygkr4wn
6a8907e9-7649-4afe-a9ad-0609a775a9ef,ben.ash@zoom.dne.com,e1lzbif9
d94eacbc-61d6-438c-9f07-953755ccda0a,cole.ash@zoom.dne.com,rqc1y9uv
352727ef-01ce-49a7-81f6-aa9265516dc3,dan.ash@zoom.dne.com,q2hxaotb
26767292-4d03-4040-bf03-94f9aba3e9a9,eva.ash@zoom.dne.com,dxeyiqdn
2bba4b2c-0d41-417e-af0a-0efe491098d2,fox.ash@zoom.dne.com,sw67zcgj
1ec74b8f-442f-4fc3-8161-bef68cc28e7c,gus.ash@zoom.dne.com,bflp6r26
00a033a8-c64e-4b17-adb2-f9c57055bd12,hal.ash@zoom.dne.com,3bn1b3rw
9285f11f-9148-4e45-b080-3831c527fbf3,ivy.ash@zoom.dne.com,hrn2h3ln
643a1288-cd5a-4112-8c01-e8479b387933,jay.ash@zoom.dne.com,870nrghp
83e72eb3-a149-47f2-bd9f-5a31c6b4a8e3,kim.ash@zoom.dne.com,hk6yk2gh
b87647af-bd87-44fb-9218-cab3055a6403,leo.ash@zoom.dne.com,xa2ntg9x
ebc61da8-aa40-4abe-a21a-377e97080b77,max.ash@zoom.dne.com,faq474gh
515053d8-6761-4bbd-9908-8397c9115d27,nia.ash@zoom.dne.com,49wvyptb
ef1b1332-c1d2-49a0-ae6e-2ca418b384d6,oak.ash@zoom.dne.com,hjk8q91o
479e9bd9-d25e-43e4-b799-993d9b3aec9b,pip.ash@zoom.dne.com,213g5ix4
8acbb6ba-0738-4fab-ba51-f2029e09a1b5,rex.ash@zoom.dne.com,9orrsowg
5c3a48cc-2425-4a30-8267-478fabc76601,sam.ash@zoom.dne.com,w647o72g
939e2562-73c1-46a2-bfc9-a2b811ae758b,tia.ash@zoom.dne.com,tlznvvg1
432f66c9-3f94-4f84-af0c-8c99bdaf2ea1,uma.ash@zoom.dne.com,ab60rw0b
9af007f2-5f49-45a6-9a58-24b6d69bfdf8,val.ash@zoom.dne.com,ie9mdgco
d9601a2c-eff0-4316-a409-b0d917c01757,wade.ash@zoom.dne.com,h1zwtysa
efbeb322-536d-4494-923b-9becfb2bb4de,xara.ash@zoom.dne.com,dl0pia8s
67e8e33f-e83e-40ce-b885-61f46a7be515,yve.ash@zoom.dne.com,n0lnmgso
72f83bee-ce24-4a66-989e-2ee0edcd0acd,zoe.ash@zoom.dne.com,lhpu49fg
53bd3886-55a5-4168-a9c2-19446aa2fa84,alex.bell@zoom.dne.com,0gsi8e9r
5200c9f8-63ce-47a9-867e-8fde23794323,ben.bell@zoom.dne.com,37jbbbab
b5ad699f-db8f-4878-ae5e-b4c211d7994d,cole.bell@zoom.dne.com,6dgkjra5
875b7745-6b91-4f67-9c4d-e6bbddbbf13b,dan.bell@zoom.dne.com,hj49zzgn
f580403e-0b0a-4f73-8f30-3b6c6bde788b,eva.bell@zoom.dne.com,8kqhtr8p
df87f41c-3ce1-47fc-89d8-a08f5f9d091e,fox.bell@zoom.dne.com,ctsd1prv
d1a4809f-8068-4c13-bd2e-3742cea934a4,gus.bell@zoom.dne.com,loce4sh0
702f34c0-fa6f-4109-b7f9-6bbf8acb1207,hal.bell@zoom.dne.com,mje5pm53
ad48511b-ff3d-4518-ad5f-dc4a95226b1c,ivy.bell@zoom.dne.com,n37o42ep
774f91b3-2b0b-44f4-8b4b-083a4c688fed,jay.bell@zoom.dne.com,b7ppdasd
5f073cae-6088-49d2-ba45-0d77142c87e3,kim.bell@zoom.dne.com,7svw1tld
80f74859-a043-4b46-bc4f-678c740761d5,leo.bell@zoom.dne.com,aompowyp
86a77285-21cf-43b0-914b-9f6e8657ca72,max.bell@zoom.dne.com,lrepawzv
3dd3664d-b24b-4927-aca0-f223188e1a61,nia.bell@zoom.dne.com,j4kcosz4
9fcaf1af-8342-4aa2-b8cb-a48767664c52,oak.bell@zoom.dne.com,cqs7yzo6
5db1032c-3b18-4ab1-9e39-c4bbfd74bd9f,pip.bell@zoom.dne.com,nrcfu2pj
ae52113b-55ea-48a1-ba03-7e5b83648f31,rex.bell@zoom.dne.com,1nue8z12
474c2666-af29-44dc-a56a-dfbd9f8288e1,sam.bell@zoom.dne.com,ts5n5xj1
e636c5dd-aac5-47c1-a058-7d5830cdbd47,tia.bell@zoom.dne.com,1gvouhs2
b66fe154-a72e-4231-9314-aa592744ff2a,uma.bell@zoom.dne.com,bpcwaxkm
948cc87d-e9e5-460d-a4f4-d1dec07e3731,val.bell@zoom.dne.com,sruw76yw
b0cf5e68-a00f-41f7-8278-5e0018227938,wade.bell@zoom.dne.com,i37fpb3n
21f795b4-74fc-4297-9d29-fe5462a1cdec,xara.bell@zoom.dne.com,3t25zmk7
ad201521-c23e-446c-bbc5-e9d04e0c1aba,yve.bell@zoom.dne.com,n496uuzj
ef870fb6-5932-4992-a971-8bcbc7222cd0,zoe.bell@zoom.dne.com,ika9odfj
4e364fbc-d3fe-4790-bea9-aec81ff75ec6,alex.cox@zoom.dne.com,r9tbqg7c
593a9706-082d-4f7c-89f9-ea86008860f2,ben.cox@zoom.dne.com,jb5u1q0p
e4cc350b-7e79-4c77-b513-74950b180de4,cole.cox@zoom.dne.com,qzhgoopj
0f021d52-1b83-43f8-ba85-90e1c48a59f0,dan.cox@zoom.dne.com,kjseyxrp
9d048fb6-d9c0-4a8b-872e-bfa307416a15,eva.cox@zoom.dne.com,p98vxhk0
03a4ef99-a3d7-453b-b616-5572287c4e1c,fox.cox@zoom.dne.com,w56i9x1z
10a7f653-7593-4738-96cf-260414acdd76,gus.cox@zoom.dne.com,advf3y8y
48e6acae-8858-47c8-9485-2c028beb0699,hal.cox@zoom.dne.com,t2dl97ba
c5c2c83b-04f9-4704-85b8-c02691989faf,ivy.cox@zoom.dne.com,klyu0pzn
43b8e000-a6cb-43f6-ae79-be3034983c68,jay.cox@zoom.dne.com,aer9evt0
764c7c66-0d60-438e-8bc1-bdfafad6fa84,kim.cox@zoom.dne.com,oahe3gss
dee2c783-c0bb-4a25-867b-5fae00eb0c00,leo.cox@zoom.dne.com,0c6wmulg
40f58080-8ef6-40a3-9b33-2074684c7960,max.cox@zoom.dne.com,nhxrnewo
959df44a-27ad-48c7-a94e-465fcd74e045,nia.cox@zoom.dne.com,amyslmjb
3f24d9d5-b692-4358-8596-7f53a0593dcb,oak.cox@zoom.dne.com,0dd6f6pc
b6fc09a2-8ee8-48b0-9456-afca607593b5,pip.cox@zoom.dne.com,fj5zb4zt
dd0fba12-4d72-4df0-9f96-c05a2bcb1540,rex.cox@zoom.dne.com,wj240kx8
e4961b0e-67df-4796-816a-28b154a9fd44,sam.cox@zoom.dne.com,u8r4qjqb
b95b9dd8-1742-4c6f-a2f7-5e0d9eac1760,tia.cox@zoom.dne.com,xn4taj0k
df3ad68b-85d9-4cd6-b661-ffd4d3f7482c,uma.cox@zoom.dne.com,hvz8rn8b
a34fa15c-f058-4737-80ba-5c3a72bcfaeb,val.cox@zoom.dne.com,x4m1c8om
cdfc16be-1419-44b5-a56f-8bc13ce7d1ca,wade.cox@zoom.dne.com,5x2bk0o9
4136d43c-2d28-409d-9064-fe4213186ff1,xara.cox@zoom.dne.com,p4iu48wk
ee2b20ad-e234-41b6-bb7c-28a3ade6193d,yve.cox@zoom.dne.com,4ykb57zm
bbc3ffa6-e939-4b27-acd5-71e53d335458,zoe.cox@zoom.dne.com,x260cdgn
c98001ff-2d09-4c7e-969a-2e93aa5fbef7,alex.day@zoom.dne.com,4wjtr9gp
75ba2b6a-f8b8-4cd5-8af6-173cad9d7482,ben.day@zoom.dne.com,swfu0tiq
7e1f7bd5-cc5a-4800-830e-704135aa89df,cole.day@zoom.dne.com,4hhadfm4
4b713db0-6009-43b5-8d42-11b90413900a,dan.day@zoom.dne.com,y2x8enj8
8702a256-f118-4654-bfa0-a80af3be3055,eva.day@zoom.dne.com,gn6sf0jr
944022cc-696d-42fa-a936-b91dbcb321b8,fox.day@zoom.dne.com,3pfkjtsv
18ddf09c-cf28-45bc-b9cf-bee1db578f54,gus.day@zoom.dne.com,dy4fmm8q
3405432e-87c6-4c32-a5e2-83e71e5bf248,hal.day@zoom.dne.com,bxjhcg7x
f336a6aa-2c2e-44ec-86e0-853cc9a629de,ivy.day@zoom.dne.com,fclny25h
d1e33db9-03c1-44fe-b712-4372645f9ded,jay.day@zoom.dne.com,y0msd860
34ccab7a-f6e9-4c08-9cc5-06a7ff065801,kim.day@zoom.dne.com,jcprz1ew
4e0c1104-e299-40fa-96e7-e6b39f08ec7b,leo.day@zoom.dne.com,18t7buqs
0fda590c-5d28-42a2-a22e-f0fcad440724,max.day@zoom.dne.com,flnpqpn9
af388a81-4fa2-4b20-8870-c1b31c504c31,nia.day@zoom.dne.com,q24edw20
84b2b9eb-8755-49e0-828e-801a4d55b299,oak.day@zoom.dne.com,ia0pxj6t
fe474138-8372-4788-a953-2eb25c75ca24,pip.day@zoom.dne.com,hosm6bj6
d84510cb-72b6-47f4-ad86-1d4186ee70f3,rex.day@zoom.dne.com,byt2zycr
fa9c8bb6-63ea-49ea-8fa6-cfb6c096b54a,sam.day@zoom.dne.com,y4i0v1uo
21a3d128-390d-47bb-9d56-54f6028abe91,tia.day@zoom.dne.com,tg17ncjw
74cde329-6e5f-4799-9bf3-bf905d0c3a9f,uma.day@zoom.dne.com,kkeq2ot2
c5ffdb87-eaf4-40c7-83a7-46ce42f78827,val.day@zoom.dne.com,ntjljzw7
86e47604-7ae2-4583-b825-3204445c14cb,wade.day@zoom.dne.com,xu0ducyw
c77b8feb-2b24-4808-847f-f11d22e0c394,xara.day@zoom.dne.com,mqstbibo
5d67353b-7573-4b3d-b423-68e9c80f4aaa,yve.day@zoom.dne.com,jg8e6pqg
45b86c37-be05-4843-8fae-e4fc491d46dc,zoe.day@zoom.dne.com,6s8ja87p
fbeb7539-d064-4739-af60-cc591d521679,alex.ely@zoom.dne.com,m7a2zz3x
cd1ba321-3f21-4b93-b8db-af6901f0d468,ben.ely@zoom.dne.com,fgl1w6l2
8ec121d5-1672-4eff-81ff-e5a7ddbb02b1,cole.ely@zoom.dne.com,ltkf9f0r
bb22d7a0-1d80-4f06-ace3-1f301bf60a3a,dan.ely@zoom.dne.com,yh0g7hml
a8cfacbe-c8ec-4d0c-9fcc-cfa85a41c4d5,eva.ely@zoom.dne.com,puch9n0e
c9a4534f-48c2-45ad-84c0-006ab7627bda,fox.ely@zoom.dne.com,yk1939oy
01505c1d-381f-464a-a98b-63f9c487e8ad,gus.ely@zoom.dne.com,9nrvg1ra
41ddd442-6061-4b31-b999-0f23af485edd,hal.ely@zoom.dne.com,aw2ufgf5
26f968b2-f2c0-4ec3-a3d2-fd19857a541e,ivy.ely@zoom.dne.com,yi0d6y0q
6b154bb3-04f9-40b7-bf86-29a13f5a99c5,jay.ely@zoom.dne.com,u92vw0j3
dcd71fbf-94fb-4c5a-a2b1-a6947e25442f,kim.ely@zoom.dne.com,ama4unju
4768994a-b504-46ae-a154-d70ab3ebcd1f,leo.ely@zoom.dne.com,ls4beieu
0c9d56bc-cb8e-45cd-bc05-f20aa0449c36,max.ely@zoom.dne.com,7terer3x
33b12d72-289a-41df-8701-8bc09f3fa3a5,nia.ely@zoom.dne.com,1dly4w1c
a4af818b-910e-4592-ac13-a2ffa43d84a1,oak.ely@zoom.dne.com,495jy3r0
9930ff12-a4b1-41b5-a1c6-30c39bd8c180,pip.ely@zoom.dne.com,x5ov39w1
be94be48-3082-4302-9091-83d08252a6f2,rex.ely@zoom.dne.com,gjzfzi8d
5b4b2c86-805a-4b3d-b2ff-48b8d188b6f3,sam.ely@zoom.dne.com,h87xq2tu
7532c5de-8c1d-4e62-ad95-0f00664476b3,tia.ely@zoom.dne.com,ze341hmr
0e9ed090-a1f3-4ff6-931c-f1fd1893bb43,uma.ely@zoom.dne.com,ijypyinu
0f13f4b6-ce1d-4ebe-9a02-083fc8d41283,val.ely@zoom.dne.com,go1efwng
ea80d651-e60f-4bb6-8ea2-018dd04489dc,wade.ely@zoom.dne.com,9wtg43mg
72703065-d16d-45dd-a109-6ad07b82aa5a,xara.ely@zoom.dne.com,gmvmol9e
215a0092-40e1-484d-9bb2-8da8f4864b74,yve.ely@zoom.dne.com,i515zqml
bf00ac38-ec95-4884-b4c9-ee8997b85caa,zoe.ely@zoom.dne.com,60onxx77
50e2a256-c70d-4ef2-ac0e-c8835d6c2c71,alex.fox@zoom.dne.com,z7k2l6qg
fdf598e6-3b79-48e0-907e-a9e1701912bf,ben.fox@zoom.dne.com,fqq37rfa
a6717207-a10e-4668-9058-bd53372e35d1,cole.fox@zoom.dne.com,sugq1i7i
f2c050df-3155-49d8-b2ce-22facbcd6058,dan.fox@zoom.dne.com,c9nl1qfm
0df3759b-6bea-4f2d-8132-320bf992e16e,eva.fox@zoom.dne.com,qudtyubl
a0181550-e7df-4432-9b1a-5d24acdb920a,fox.fox@zoom.dne.com,cx2ju68d
048a9950-6f91-42ab-96a9-f33bebaf01a4,gus.fox@zoom.dne.com,5vpggrdd
31eb719e-0e98-4a75-adc9-903640a3fbfa,hal.fox@zoom.dne.com,2mdqokro
886a6328-052b-492a-82dc-2ef3ebf783b8,ivy.fox@zoom.dne.com,avnc634f
1e19eb05-9881-486f-8abc-b7631a3f5116,jay.fox@zoom.dne.com,aexhw9s5
4323cba8-2fd8-497a-818c-21df00549d08,kim.fox@zoom.dne.com,xrnzxk8a
e383b579-d86b-41e3-b3a9-8228253997a9,leo.fox@zoom.dne.com,2oc5ibxx
588a7c81-3fee-4b26-888e-254bb75c60b0,max.fox@zoom.dne.com,37nyp43f
4c83f8aa-2979-4499-b6b6-1b60ec7c5d76,nia.fox@zoom.dne.com,o5xbyk4j
86b24493-6bb2-4bd4-8a37-14fc2af6bc34,oak.fox@zoom.dne.com,q0zw1auy
dafe606a-e598-4e5b-af4f-0a8befb69042,pip.fox@zoom.dne.com,lh9h67cc
95a972ec-4ebf-4673-8a65-31c550788480,rex.fox@zoom.dne.com,wcmjmopf
c0fde8ff-8449-48eb-a1ff-3e521133e248,sam.fox@zoom.dne.com,6khbiq05
12c39c00-2af4-429e-8ea5-e33663231ce7,tia.fox@zoom.dne.com,8ma2r4rf
c8510989-ac32-49c3-bba1-4024d281077b,uma.fox@zoom.dne.com,yj9rfw5r
fdc5c55b-f8e2-4ab6-8298-919a1ee9d196,val.fox@zoom.dne.com,48qote4i
76f69bd7-1895-47a6-a484-6c9f129e4777,wade.fox@zoom.dne.com,03rjf1fm
e5fcc0d2-ea32-4c3c-9fe6-25ff4e731a5a,xara.fox@zoom.dne.com,8e30t2to
c1aa9707-98c1-49cc-8a34-dad078ba454d,yve.fox@zoom.dne.com,57jsek9a
b1e4e0ce-ce3d-4bac-97e6-6df199b20d9a,zoe.fox@zoom.dne.com,903jjt0n
d2800545-7164-4e8d-9c98-ecd8c4e0d372,alex.gray@zoom.dne.com,b9mvdu82
bf4e6b67-f5d5-43e1-b0f1-7f567772b5ee,ben.gray@zoom.dne.com,pgc8x3yl
fa07f37b-5d1a-4e03-a198-51862b81d349,cole.gray@zoom.dne.com,v0r3hamt
6eb73c15-be4d-4d2b-9892-7949bb541483,dan.gray@zoom.dne.com,fc05kh9b
70ce2e24-9d52-41f4-b356-3273517348bd,eva.gray@zoom.dne.com,bj8wejev
41cf4156-6fd0-4a11-9a3d-7605f12bb671,fox.gray@zoom.dne.com,v7wdefjy
cc7a9430-3afd-48db-801b-d031584914a4,gus.gray@zoom.dne.com,g4e4eznn
18ee2726-d2d9-4dc5-ab6c-0cc89347f4cd,hal.gray@zoom.dne.com,06kvid7p
c9b0e190-9ec0-4bdd-ad47-030ed54f5be4,ivy.gray@zoom.dne.com,dt49cv7h
865233ea-ddfa-4f74-bec9-3a1d3744fce4,jay.gray@zoom.dne.com,dd3jcg0s
d7dc8f17-e4b2-404a-96a8-3bc0d7b2d862,kim.gray@zoom.dne.com,7uwawmyy
8881f746-5e27-48fb-b077-d7f09a2db45e,leo.gray@zoom.dne.com,2v33h75p
d9050897-d86a-4bfd-8c95-9b2e3c19a2b8,max.gray@zoom.dne.com,sk5wx0ef
fa1a98b6-1647-45ac-9c42-95969801df9e,nia.gray@zoom.dne.com,occkoblj
e7a9481f-1a05-4667-aeec-93ce0bab07e0,oak.gray@zoom.dne.com,1l4ei34c
c60d5d7f-161d-4170-9493-6287a157f645,pip.gray@zoom.dne.com,p6x3jba8
39380251-61d7-403e-be75-4d190e75f6d1,rex.gray@zoom.dne.com,siag7f94
3981128a-b49f-4551-a989-65e4b3807544,sam.gray@zoom.dne.com,lx3mtdww
29702684-ee93-48d3-a055-e2a06a94d067,tia.gray@zoom.dne.com,ajloolcv
a5ce2b5d-1b9f-413c-8a98-11b1b9a2f520,uma.gray@zoom.dne.com,8oudpbw0
12012402-f0d9-4135-a5e7-fa2ec9bf79ee,val.gray@zoom.dne.com,65g0tlog
00c03649-076b-463d-81c7-5492663af02b,wade.gray@zoom.dne.com,6p85xva5
6d2ad2fd-3a16-45b8-9dfa-091e9291cba4,xara.gray@zoom.dne.com,p3ol052m
3ba78812-64b3-48f8-a88c-8ad040814af4,yve.gray@zoom.dne.com,8mht11fi
a3af0729-29e8-4076-96b2-5617715186b8,zoe.gray@zoom.dne.com,jfrktoyq
3fe36827-e959-4b42-a630-773e3bd78771,alex.hill@zoom.dne.com,8nd5dwk3
1f0414bf-c767-4390-a826-d570f363c7ad,ben.hill@zoom.dne.com,2wd6da2w
bd041d6e-4d4f-46f3-96c7-d3f4c18ae318,cole.hill@zoom.dne.com,hbtn0550
5cfed3db-eb14-4d8b-819d-fb78398c8fb1,dan.hill@zoom.dne.com,uqrgcbid
81409a60-1e9a-4b19-8b30-4068e0755a64,eva.hill@zoom.dne.com,mc4mtw0c
08459ca3-6947-4c81-8f6b-a704b804f5b1,fox.hill@zoom.dne.com,4mte4yyq
1d61a739-f7c5-4b5b-8556-f7684d1678c6,gus.hill@zoom.dne.com,4drwp3oe
9e70f6d0-e20d-4e3e-9db3-686c9611d605,hal.hill@zoom.dne.com,0c4yhjpr
e9ca5f64-fe80-4b08-ae3e-1e21018bb9c2,ivy.hill@zoom.dne.com,bovkeu6z
8211b2c5-65b5-49ea-88fc-34863b4a118c,jay.hill@zoom.dne.com,nqeun548
487c591c-e237-438a-a823-51e5e29aa993,kim.hill@zoom.dne.com,focwvkp3
5549ecf0-bcf1-479e-a5dc-20b1b05d31ac,leo.hill@zoom.dne.com,gm59mcc5
a073baa6-3b77-4630-8391-2602e99270e5,max.hill@zoom.dne.com,cw4znmg2
84a82534-3980-4fb4-b60e-4d2c56ccdfb8,nia.hill@zoom.dne.com,3zglvm9z
85732a69-c67b-4a4a-99af-5e912e3cc7fd,oak.hill@zoom.dne.com,ydqt00f4
950e5717-7d1c-4fc7-87b4-bd43c40b7426,pip.hill@zoom.dne.com,17h08076
2ea11412-f193-41c1-aca4-8a5510cff6d0,rex.hill@zoom.dne.com,73ukswc2
e1cfa918-31a7-4966-933a-ff96cd51193c,sam.hill@zoom.dne.com,trtlgbik
976cae51-1096-45ed-bc5b-a6f74b43f06e,tia.hill@zoom.dne.com,8qj5edp9
f028f9a3-adf3-4d35-a490-f680e59c0253,uma.hill@zoom.dne.com,te8hku5i
f5f1092c-d625-445a-9338-e1a2c0dfe65d,val.hill@zoom.dne.com,7yc38ndw
5358f886-b004-45d8-8133-36772f182455,wade.hill@zoom.dne.com,43yjskmo
4b2a40e1-231e-4d06-ad8e-50ccb2aa4e32,xara.hill@zoom.dne.com,fi8xlldw
e321375d-f128-48ce-8178-6a3ee3172fe3,yve.hill@zoom.dne.com,3i8smhm7
ea6abef1-22e8-4289-b1af-48a2885f1c1d,zoe.hill@zoom.dne.com,8qoz3qza
