e18f4155-b1a7-4a72-83c8-b8a20dec4cf0,alex.ash@azure.dne.com,ivt9am6y
0797de97-c149-4141-8ff7-e628a976ae14,ben.ash@azure.dne.com,9d476lfj
260e50b2-7136-400c-9e59-b80307d3160c,cole.ash@azure.dne.com,4uq05v6w
b7d04b4c-62a5-4f49-9346-8603c13dd855,dan.ash@azure.dne.com,2p0a2cm7
32004519-82c5-4e3a-a70e-e0f8cd51a5b2,eva.ash@azure.dne.com,mghw930x
71a18159-54e3-4c0f-b997-40957efac823,fox.ash@azure.dne.com,qze1k1q3
c5212482-61cf-4d36-a6bd-e2550fba41cd,gus.ash@azure.dne.com,9qjhomnu
d3df111c-3269-41df-9d19-e52239502ee4,hal.ash@azure.dne.com,qlb6hhct
ed2d1100-1d7b-4def-9cc7-ae7f08cba95f,ivy.ash@azure.dne.com,2hf6kho0
869c370f-d46c-455e-9e38-c05c02d61867,jay.ash@azure.dne.com,23di5c45
9a10f32b-6b25-4a7b-99dc-f830e84268e1,kim.ash@azure.dne.com,q42u8l3e
d6c05b8f-e9fc-4e8c-a55e-6022700e41ab,leo.ash@azure.dne.com,irkw1ys8
7b36eb3e-7868-45bf-b9a4-ea759d9059fa,max.ash@azure.dne.com,v1s23und
44298c7f-16ea-42c2-a344-915e4cb10139,nia.ash@azure.dne.com,1ztwmv2b
f973fcf7-243c-4373-87ac-36dfd6470984,oak.ash@azure.dne.com,506sifij
224e82d4-c938-4f5f-9aa6-2ac89916c49f,pip.ash@azure.dne.com,uoa824gt
dff5ea2e-4fa7-4589-8008-95576aafcae0,rex.ash@azure.dne.com,iaaj71pb
ca373e88-ad76-44aa-9a22-8c7c6263a535,sam.ash@azure.dne.com,gxh3p5ek
b5729acf-6ee5-496b-bacc-d1aae733752e,tia.ash@azure.dne.com,yt84aw1k
f85b238e-eacd-43e3-a583-4698249d7a56,uma.ash@azure.dne.com,80s0padf
67e86614-d055-4f26-a5e4-342b9fb3f1fe,val.ash@azure.dne.com,iuxeqltz
b592e5ad-efa1-4b11-ae0d-74cd4cfa894a,wade.ash@azure.dne.com,87l1tkms
6d5c15ab-8c57-41f9-b30f-003c12afec93,xara.ash@azure.dne.com,590nrjmy
78703e47-0dcc-416f-a791-4cc52237162a,yve.ash@azure.dne.com,od5cu93e
78cab8bf-df21-48e6-badb-678e3d1bb0bb,zoe.ash@azure.dne.com,asgv388q
882a5e6d-3c50-48ab-8009-060f64d24770,alex.bell@azure.dne.com,mst2mb8f
99f324e9-1c5e-444d-91ba-0fc0f466d4f1,ben.bell@azure.dne.com,3prkfhjw
cc6aa0fc-a6a3-4dda-affc-59f0d74df332,cole.bell@azure.dne.com,tvla1or7
a737691e-e899-4e26-b9b7-bfca759d008a,dan.bell@azure.dne.com,u7ztgco7
8704232d-7c89-486a-97c0-13f00b917be9,eva.bell@azure.dne.com,ydqvzz7x
5c6e6698-4921-4093-b6fd-02d2817761b1,fox.bell@azure.dne.com,rhsmabbj
0f4c97a8-0d8e-49b1-b7c4-5f01c19f15c7,gus.bell@azure.dne.com,31rdxdwj
0c56e1bd-ea55-481b-ac92-ba9c310eaaa7,hal.bell@azure.dne.com,oe48b3lq
683018b3-f206-4e71-8a7d-3ad5d4137020,ivy.bell@azure.dne.com,zybz1vgn
e87fb584-9084-441c-b48a-c51cbae686ba,jay.bell@azure.dne.com,3yubishx
0690ccae-c31d-47c5-93ca-a24ac4255888,kim.bell@azure.dne.com,mlvh6nyg
19a59aee-fe0e-4afe-b9b8-e889b81397ba,leo.bell@azure.dne.com,a98dli53
37f68c36-d537-4f2f-91b3-dd1b426d192c,max.bell@azure.dne.com,yj8xlgqd
55ff05ce-6730-4a81-bd46-ef9767c364db,nia.bell@azure.dne.com,tnmp7yc5
6c4fdecd-2bdb-4cef-b50a-5480f3b45707,oak.bell@azure.dne.com,xg8i3gi7
f4e2b1b1-aff9-4627-85fc-856557f9b8bd,pip.bell@azure.dne.com,ree1bzx1
ea32daf8-df4f-48f6-9b0a-88ef256e8731,rex.bell@azure.dne.com,kfxg2y0e
16994faf-33b9-4af6-8655-7ba0face5ecd,sam.bell@azure.dne.com,qmjufzmo
24e8990a-18df-4c03-ab4d-b8a5a8843040,tia.bell@azure.dne.com,ip307l0a
e2be8d64-2b59-44d4-9ab2-6afd9fa774d6,uma.bell@azure.dne.com,pfgxkqma
e9301729-a98d-4272-9faf-4588322b0ca0,val.bell@azure.dne.com,ftlji3vn
2fcb3d31-f4a9-436a-b9e9-795f00b7067c,wade.bell@azure.dne.com,b5j4z3gt
95822fd7-135d-454b-b0e8-f6f768c71274,xara.bell@azure.dne.com,wztm3yq4
566c3118-32f1-426a-a4a4-c958d066f025,yve.bell@azure.dne.com,t8wizikq
6b2eff41-f7f8-430e-be52-f07c06b20a27,zoe.bell@azure.dne.com,uj6dhenx
80d92ba9-7714-4c31-a20e-b5508494a975,alex.cox@azure.dne.com,m2fj5ei2
3b1629ef-a017-450f-ab75-4be216508e5b,ben.cox@azure.dne.com,ojwm47q2
96d9d688-dd5a-4602-892f-2874d277a92a,cole.cox@azure.dne.com,9ahvbndg
4ef02081-b6f7-4be1-ae10-d4f8b37aea7c,dan.cox@azure.dne.com,2vovwule
9369a23a-861e-48ae-b7a8-e0e44bad8ab7,eva.cox@azure.dne.com,bja0ue3d
52074228-cd71-4186-983a-f08be0d113fe,fox.cox@azure.dne.com,g9888sjv
7efba137-43ba-4e29-bc62-d36854f8e58a,gus.cox@azure.dne.com,cfjmtooz
89329e0c-6314-4edf-8862-fb7eaa6ce1e1,hal.cox@azure.dne.com,dwco1fvi
4367e680-7512-4df9-a290-319cd9498022,ivy.cox@azure.dne.com,jxefqxib
c964a805-3d4e-454f-ada9-7fa2e7a9044d,jay.cox@azure.dne.com,vtycn5fx
73fdd9b6-0281-4e33-9c72-6640a298059e,kim.cox@azure.dne.com,rgtk9r3v
46ad8d63-4a15-4187-8eac-12a9779fba01,leo.cox@azure.dne.com,pxyabq6b
8218bc8e-94c8-4086-9221-822bab271b0d,max.cox@azure.dne.com,p9jn71os
8c81d90b-d322-4c6d-9035-b353aed487aa,nia.cox@azure.dne.com,ag82iutw
8ddaee4a-3dd0-4f56-9a98-fed5a7800d3c,oak.cox@azure.dne.com,a2qizs0e
fe2703f0-0058-4231-bf8e-988defbadb68,pip.cox@azure.dne.com,fuukp5m5
8b68c3fc-c301-409b-ae8d-bcaace02b10a,rex.cox@azure.dne.com,7lt34zt7
37f438fe-2875-428a-9bd0-90e5e1a6fa13,sam.cox@azure.dne.com,s7cxq6ta
325f4189-b39f-4cbe-8619-3dcc2a8a6479,tia.cox@azure.dne.com,sovmf8vk
3fc39368-bfa5-4fa2-a890-c33f1d743564,uma.cox@azure.dne.com,qxab2ybc
32560497-56ef-4a05-95dd-7065c2e452b3,val.cox@azure.dne.com,17a5yota
a6ff3284-6642-47ee-82a0-ab3fe4a5aced,wade.cox@azure.dne.com,3bog8tmm
792f551b-631b-4eff-897b-ddc6d5d3c1c1,xara.cox@azure.dne.com,i7xtks7p
0d6e7e02-34d7-44bf-bf00-4e8d9c6fb2a0,yve.cox@azure.dne.com,naiv9yat
5d99c5b5-38a7-43ad-a67e-6a1dbc068224,zoe.cox@azure.dne.com,3xouklae
116cac7a-049f-4ab5-a34c-80270c8f083e,alex.day@azure.dne.com,oba0dyb0
27c398d5-130b-4bb6-b551-dec3f1ce35fa,ben.day@azure.dne.com,w04iskpq
c3f72c92-dff7-4198-af93-1d4393fb6e36,cole.day@azure.dne.com,a5qjd8ym
a732ab3d-2731-473c-8244-6530bc2ce48d,dan.day@azure.dne.com,c6mwn0ob
590c3552-39b3-4639-9400-9c148ab4c3ca,eva.day@azure.dne.com,vp9czy7x
624e9bd8-35c4-477c-a05b-09abd417833b,fox.day@azure.dne.com,6uffniel
a60f4b45-d026-4686-9094-e357f8b7ce0d,gus.day@azure.dne.com,dsqf2cem
54a1d030-90c0-4d50-a02c-c238f3525cf3,hal.day@azure.dne.com,vci9rc7e
9dae4173-0d50-4b24-b162-40b6834baca4,ivy.day@azure.dne.com,po5370kj
e1ecc570-6901-4ec4-9d26-c6c760914f12,jay.day@azure.dne.com,d7e7a178
0f9e43f6-f3fb-4b24-9945-38f744892193,kim.day@azure.dne.com,j5zukn6z
bf3ece89-9c4d-44eb-83c8-f8c098995425,leo.day@azure.dne.com,43i1kdy1
b3cdaa02-60bf-410e-8fb8-d491c94e7063,max.day@azure.dne.com,0kw4jjy0
7c7b649d-01cb-49f3-8359-1e0f8618c0e4,nia.day@azure.dne.com,sufiffr7
0fdbb4d4-4a7c-4db4-b99b-12f12461f74a,oak.day@azure.dne.com,q3r5ssy8
fb219e3d-70fe-498d-88cb-fd95f9114b26,pip.day@azure.dne.com,e1kyekz5
f218f9d0-0813-4060-938b-5b41179c2f01,rex.day@azure.dne.com,7qc381ps
bfd8fcf5-bcd1-46c5-ba4a-30b0d46fb326,sam.day@azure.dne.com,qlg6n2sk
084ed921-5295-404d-9da4-a9005bbaebc3,tia.day@azure.dne.com,w2uxfzq6
e8b73a78-88fb-4745-8cff-050f441414cb,uma.day@azure.dne.com,addkd4e6
31d91711-afab-4ba4-8af9-8c8ce85ce502,val.day@azure.dne.com,8tckd0el
73df49b7-8e5b-4273-9653-c0db2364239b,wade.day@azure.dne.com,hfmibquo
91fda483-2ea5-449f-9f12-ce0db1cfbfbc,xara.day@azure.dne.com,q8rnnmkj
647b5331-2f85-45dc-bb45-72cb5f4d7791,yve.day@azure.dne.com,w0a94hu1
cb282a8a-8d0a-48c7-8204-3fc15df1040c,zoe.day@azure.dne.com,89q9bk3n
eee9b640-219d-4869-97e0-b99fee6cff9a,alex.ely@azure.dne.com,jr19k0k9
b492b46e-9b2f-4fa1-9e54-6376c6615c53,ben.ely@azure.dne.com,lamtt4f1
bb9837d5-ce88-4766-8213-e4cf35c6d551,cole.ely@azure.dne.com,vixy1usi
83c6e061-f3dc-4432-af1d-2eb52fc52d64,dan.ely@azure.dne.com,ky4kauxm
59e8aded-82de-4c37-aa4e-ac9393276b3a,eva.ely@azure.dne.com,i3kexgsd
7b7c008e-92fc-4c74-aaa6-cea4b4f34af4,fox.ely@azure.dne.com,49dhnk2m
38343c0f-2b68-4756-9660-af70f4eadf9b,gus.ely@azure.dne.com,d695hfr3
324e1d82-fc93-4f5f-994d-e463cd46ae0c,hal.ely@azure.dne.com,ydva6jk6
8082e528-0525-493f-a642-41b2ed3f0be7,ivy.ely@azure.dne.com,qk371zxu
af6d0d26-c091-475a-929e-aab190af486c,jay.ely@azure.dne.com,ihtwpjsq
68119a60-5e7a-48ee-8c04-8140e6c726d7,kim.ely@azure.dne.com,zq6cct3n
75320eca-2bb9-407b-9eb1-d3806b9a3d0d,leo.ely@azure.dne.com,tl60w0dv
bdc6d623-41f9-41fe-82b9-5468e3271de0,max.ely@azure.dne.com,s7gpqph3
33c4aa41-7dd5-404f-b15a-9857ecfcff3d,nia.ely@azure.dne.com,xpdsnwxn
f1e665e3-6759-4703-b104-ea65870e0593,oak.ely@azure.dne.com,cf10vkt0
642c1e07-bafc-445c-a5af-57fcf6b5a282,pip.ely@azure.dne.com,ly392whh
8b4742f7-dc67-4e2e-ad56-db97cc6fb331,rex.ely@azure.dne.com,u1lf5bm6
e18e192d-82fd-4dc1-b8dc-40760958412a,sam.ely@azure.dne.com,8umnek8c
01333d30-b8d4-46e8-a244-9028e8a2bae9,tia.ely@azure.dne.com,i5xi1lrt
4bf69989-2b46-43ee-9911-fdbf7683ef7d,uma.ely@azure.dne.com,lqt1e713
05cb0ac3-67a5-4a5a-b647-796607bd6c50,val.ely@azure.dne.com,pdy4gwa6
ff3be005-0613-41eb-b5c7-fc73c985570f,wade.ely@azure.dne.com,trbyi8lc
41c4870c-506f-43c7-af3d-8aae11a00d2c,xara.ely@azure.dne.com,75i0ewxt
c3590612-7ff9-4780-930d-4fa72f8c5b71,yve.ely@azure.dne.com,6sahho90
d090e8b0-5817-44ef-abff-dc6cadb33316,zoe.ely@azure.dne.com,6iela87o
1e747d95-02c8-4294-b2a3-b5a56bfb1a30,alex.fox@azure.dne.com,9p0tete9
178f3922-782c-402e-ba52-1b7c06d6ebbf,ben.fox@azure.dne.com,dtsszv3l
84675355-825c-464f-857f-34d3c5792ee4,cole.fox@azure.dne.com,wojw1nu6
b53c5f09-abb8-4a82-84e0-974661bc81cb,dan.fox@azure.dne.com,daovsjph
2a05c97d-2fb1-4973-b729-c69101a146c4,eva.fox@azure.dne.com,m6i4v8ql
fa15bb6c-94ba-44a4-8a81-84e16c3eed01,fox.fox@azure.dne.com,79yc1m2r
6600ae4a-07ee-41c4-a7ce-bd84f64f6ff1,gus.fox@azure.dne.com,uu4k2adj
6165d4e2-5990-4653-9db9-a2cc063dfc8e,hal.fox@azure.dne.com,2ufkrm7o
c5fa7738-baec-47d2-a8f0-f0a53f92de9d,ivy.fox@azure.dne.com,ytq0u9r0
74aa71a1-92b5-4f1d-bf09-c00bebee5ab1,jay.fox@azure.dne.com,is2ht8rp
e1489853-0ea9-4b66-b997-903f7d94e1f2,kim.fox@azure.dne.com,1rm1zrwr
468c729b-3a1b-48b6-87a4-671faade1eef,leo.fox@azure.dne.com,zgr34esb
e5c32974-36c3-4a7d-876c-788fe56d8020,max.fox@azure.dne.com,aysja558
0750c62c-bbda-45b5-9c50-b3f426d8310d,nia.fox@azure.dne.com,4zh3sgzk
95c1f742-88ef-4062-b87d-afe8b2b9353f,oak.fox@azure.dne.com,sjuo7n21
010e7c12-5dec-41ce-8345-a3e1af62d057,pip.fox@azure.dne.com,f9g5fze3
2f6c7628-6071-4f5f-8040-86d90ac615e4,rex.fox@azure.dne.com,31cqmb78
ea427ab9-64bf-4063-991c-cb325da2d0a3,sam.fox@azure.dne.com,at4vgkrr
31c32d37-f7fb-4dec-9c9c-87e2ac1a3f73,tia.fox@azure.dne.com,5gr546ra
69a3a37e-4456-42dd-987c-5261ad9e3f55,uma.fox@azure.dne.com,xl7txxl2
dd3c9dd3-791a-4a20-b1e5-fb020e836a19,val.fox@azure.dne.com,d7omsy0h
b2502271-e7fc-4616-a368-3887a029a166,wade.fox@azure.dne.com,rrw3a7dx
0ed9f166-2205-4bbd-97d9-9b0821553ca9,xara.fox@azure.dne.com,h17kgfr4
af49bd9c-45c5-4a85-86af-bdd04f9ef81d,yve.fox@azure.dne.com,up3qycww
faab4c69-12be-467f-ade8-e7cfbd7bf1ff,zoe.fox@azure.dne.com,iagekqbn
dd02420e-e405-4216-8952-d7b32450c6f1,alex.gray@azure.dne.com,1w79uao1
f76f2d2f-cb85-4da7-a2d1-2115a0f51ea7,ben.gray@azure.dne.com,nbuvwyx8
60b51d2a-8d09-4b1f-9aeb-5daddf9ca24a,cole.gray@azure.dne.com,di3bmi0g
6e99513b-c8be-426a-8bf0-dff61fa0e324,dan.gray@azure.dne.com,0oyfbjbc
6443ddc0-d27d-4821-a29c-0e7af461f6ae,eva.gray@azure.dne.com,lkx5r5l0
824aced4-ccfb-4ce8-8138-a6b15ad88bfb,fox.gray@azure.dne.com,7hwa1mfj
8676cb78-e87d-4b9b-8d76-60320985d5a4,gus.gray@azure.dne.com,3yhkwlas
88aa9721-46f6-42ea-b899-9081d2d1428e,hal.gray@azure.dne.com,mtwreckd
902ae29f-6f19-4b50-a4a7-e86f268eb55c,ivy.gray@azure.dne.com,q6bp3o9g
011350f8-94ec-4ddf-ac56-220ae67758c5,jay.gray@azure.dne.com,wekz95dz
05697bf0-fc8f-4116-b797-49e0603801f5,kim.gray@azure.dne.com,0ecmwdop
e81a0adb-fe49-4402-b814-a080d5e21132,leo.gray@azure.dne.com,wh2b2p5e
4139d74b-4eed-45f1-895f-895df76f4dc9,max.gray@azure.dne.com,0h4z3xw2
d5213e52-9712-4870-abaf-34bcba88a07a,nia.gray@azure.dne.com,5coh5inu
e1752c80-9c66-4556-acc7-44ec6893c6ec,oak.gray@azure.dne.com,moyzx3gl
0c1e8224-3b46-4dbd-86cc-fb2444ffad5f,pip.gray@azure.dne.com,vabtoqba
efb67aba-707d-46bd-99c5-6d4bc1e29ce0,rex.gray@azure.dne.com,arjpkwx3
46e69815-f4dd-4f2b-bee1-2277f81de317,sam.gray@azure.dne.com,0y7t5rn8
e8a5ecf8-7aeb-4eff-a8e4-88ef50d49aeb,tia.gray@azure.dne.com,blad7z6o
fe157fca-8849-4bba-b9ac-9eda125506fc,uma.gray@azure.dne.com,j2p31sgj
a97d2d50-eb83-499c-9303-a31fcf5b4aec,val.gray@azure.dne.com,5mvcrdni
179d4619-d395-4b1a-a0c6-b26fec919475,wade.gray@azure.dne.com,ana7yuih
ce5fed7e-633d-4e85-9f2b-0dab214ffd65,xara.gray@azure.dne.com,v4itnszb
71fff75c-c072-4d37-b381-361111a6cf71,yve.gray@azure.dne.com,4q8d9xed
4d278d2f-22b7-4d2f-bf1f-5e2dec651534,zoe.gray@azure.dne.com,imb3oo52
ef97c366-649b-464d-a9ac-8ed3e4f38cce,alex.hill@azure.dne.com,xsp3tvza
076bfd82-8729-4042-9272-fb83abdbb394,ben.hill@azure.dne.com,4wc75kra
31bfcf5e-4cea-4019-9b8f-5752eb6b20ab,cole.hill@azure.dne.com,t4hxiqmc
790dd215-3e5f-46de-8889-30f00cae6541,dan.hill@azure.dne.com,t8lwk8ci
4efa1032-e6cb-4bf8-9f24-97d5dd8d9b48,eva.hill@azure.dne.com,17lmgbd2
6f1ba73f-ae2b-449c-b87d-70e06e84d06b,fox.hill@azure.dne.com,r65u9xcj
23640e82-118c-4ed8-96c9-947cd74bb3a7,gus.hill@azure.dne.com,w4nhzx51
9e980109-23cd-4866-bae7-9469be4928c7,hal.hill@azure.dne.com,c7eiu632
9ce9f12b-35d4-4ee0-8238-e3c9dca6f6b2,ivy.hill@azure.dne.com,27g5wpc0
f37fba64-1619-4d57-8343-bd90900e9350,jay.hill@azure.dne.com,fvww4d9q
edd3701b-02da-4dd1-988d-4ad9ace99983,kim.hill@azure.dne.com,g898dur8
a294e5af-23ee-40a7-9852-e5b74dd4ff59,leo.hill@azure.dne.com,ounbwcsp
50031881-744d-4cad-94f1-5a8415d6d722,max.hill@azure.dne.com,k19vy75v
1f409faf-c05f-4359-a301-aeb6d1516e7d,nia.hill@azure.dne.com,5no76f5c
cd169dce-dca8-40ee-9a8a-c267f2dfa98a,oak.hill@azure.dne.com,dff1knc7
5fc8f503-98a9-4bd4-aa82-a3919dc81350,pip.hill@azure.dne.com,53jm4wxy
6fc50abb-8569-4a0d-a54f-a53a7c0be56e,rex.hill@azure.dne.com,mgjk7gyv
5933a751-43f0-491b-8e3e-2b7d1f48228d,sam.hill@azure.dne.com,cm3bqk39
8756f483-599d-4fcb-b46f-21bc97bcff89,tia.hill@azure.dne.com,hql2dnnt
5dfc9d8b-8cd4-4e11-a7a0-744603cc95da,uma.hill@azure.dne.com,so4ez5y8
1fd03788-38e9-408b-a230-777ca621e718,val.hill@azure.dne.com,0vjjc2ey
3e13b60c-453d-4817-8a90-915134bd16f7,wade.hill@azure.dne.com,okpe4rz0
6e9fb839-5897-40af-9f99-d13212f3b333,xara.hill@azure.dne.com,ttfjgn3e
5e87b101-2b4d-4509-99eb-c1f685856e34,yve.hill@azure.dne.com,0iqum22z
766f7e38-9c72-4bff-a1fe-d38d89d67793,zoe.hill@azure.dne.com,ynpc2mdn
