1449e90a-c2a5-4e71-abf0-e37325615d98,alex.ash@paypal.dne.com,tyk0xel1
a7a97cb4-02ee-4d32-8391-87865a478da6,ben.ash@paypal.dne.com,009f8nrd
249b22ba-f79a-4833-a8bd-27e6c693049c,cole.ash@paypal.dne.com,lr7wbdgq
b1747dab-5789-427f-ab78-81a4f9cc426f,dan.ash@paypal.dne.com,mzr0j07g
ef5243fa-6a45-4e87-bb05-f5ef5b483f9a,eva.ash@paypal.dne.com,jsb1gy3i
9d491f3a-953e-4662-b74f-8c2426106556,fox.ash@paypal.dne.com,wf71z7lu
ee34c94c-2c53-47b7-acc4-49c9817dcdc7,gus.ash@paypal.dne.com,2z42v9so
e51521ab-592f-4554-8e42-847033bd058c,hal.ash@paypal.dne.com,j5278jbv
9b380579-19b4-4f42-85d6-3ba4acad202e,ivy.ash@paypal.dne.com,jnghfup4
fbe51105-f50c-4928-8bf9-1cf27a298e38,jay.ash@paypal.dne.com,zmw18oao
f52c06e3-51e7-4533-970d-3f1518434414,kim.ash@paypal.dne.com,lb2jrp75
59f8f927-6f9a-40e0-925c-060268f96a89,leo.ash@paypal.dne.com,4notjlug
251189b9-d2d7-490e-af47-f97f4b73827b,max.ash@paypal.dne.com,ybkefkrx
779b09b7-5ca0-4807-af86-994d3afaa4b8,nia.ash@paypal.dne.com,13p86its
d5e27df8-5c68-4d55-a708-4d48444c9050,oak.ash@paypal.dne.com,xieufo1f
e631e547-53e6-46cf-8ba8-c758b51319ae,pip.ash@paypal.dne.com,pgk4gft8
ad9673d2-9d2f-4a22-9e9d-9e9619152ba8,rex.ash@paypal.dne.com,6e8kxm2d
7cee8436-ed57-4744-8745-dfecea23d282,sam.ash@paypal.dne.com,gk3p70ik
6d1ce092-7f85-4940-84ad-81fbee62cb6c,tia.ash@paypal.dne.com,x9s68fi2
3793f8d4-4248-4f10-a606-6704414ede2a,uma.ash@paypal.dne.com,ftn2pnqz
f9de57cd-f00e-4799-be5b-634d8dd1d0de,val.ash@paypal.dne.com,io7g4s6t
e3664538-2430-4a81-b96d-a4fb3801aa36,wade.ash@paypal.dne.com,8nw4fw5m
29a1a11a-2a7d-4b8c-a6ef-3ffb51721fd1,xara.ash@paypal.dne.com,08ffjbn3
6acb5b5d-426d-4ad5-aed9-60d2120b6f5b,yve.ash@paypal.dne.com,v59yvmao
df5a3593-30e7-4016-847f-0d9e81106749,zoe.ash@paypal.dne.com,2btq4kcp
0a16cbd9-b3a3-44ee-be52-6159816907a3,alex.bell@paypal.dne.com,h3h8jt6i
dc958148-248c-4886-a553-85b98782e708,ben.bell@paypal.dne.com,g4o15fbo
4b20c925-2210-4ff0-bad0-327e7710ba3a,cole.bell@paypal.dne.com,11dp1tdm
5f2a022e-f473-40d6-80db-58ec42161eba,dan.bell@paypal.dne.com,px06299n
738c5bde-7fed-4cfb-a86f-da56e6926549,eva.bell@paypal.dne.com,n47bqoop
5f86fcd3-d716-4846-8d2b-b6e2e650cb10,fox.bell@paypal.dne.com,xjnjrh0m
916081cc-9486-44ac-8ab5-c943d3a950e9,gus.bell@paypal.dne.com,swk9p4zf
8acb5b10-aca0-4924-9880-699f21b8c689,hal.bell@paypal.dne.com,f14s35ur
d1ca1d69-0a88-430c-99c8-ac5ea19362a9,ivy.bell@paypal.dne.com,1e288xke
975b7089-770f-4b28-9a3f-2f012e03d209,jay.bell@paypal.dne.com,zsvdgcnp
cb04949e-4b0a-4d62-bf7e-f6ade02d5053,kim.bell@paypal.dne.com,dr321hgq
4f701118-e8b7-42ab-b409-1902af3554ff,leo.bell@paypal.dne.com,du4s4d6e
be598790-3488-41d1-965c-539ac56ce686,max.bell@paypal.dne.com,xly9ui3o
c737e158-6fe9-41c7-9b89-888a062d7f2f,nia.bell@paypal.dne.com,oameeui7
ee14c50b-9ed7-4c4f-bfbd-825534a506f8,oak.bell@paypal.dne.com,nogsug47
b8fbd97b-837d-4267-82e5-332c80b7cf1e,pip.bell@paypal.dne.com,9t4bp8cj
83db61e0-6fed-4f14-b327-46f0cd08f3ad,rex.bell@paypal.dne.com,qxdzli07
ba503c56-e391-4013-a424-7900a2740d73,sam.bell@paypal.dne.com,f061kp40
0df00e55-b5ad-4dc8-94c2-7856db5abd69,tia.bell@paypal.dne.com,mk05dhnz
27534c24-1e7f-4026-bf78-04a3e1cc1d5a,uma.bell@paypal.dne.com,bl1cbb98
73b9f032-14c4-42b0-b96c-1018f5420dad,val.bell@paypal.dne.com,gj59iat4
8a1df319-933b-423e-be3f-9fb5b59afc7e,wade.bell@paypal.dne.com,5a66jxu9
b5f6e321-1650-4c01-b112-45ed6f689970,xara.bell@paypal.dne.com,cgxr2xtj
a3262cc5-6a0e-4867-a040-97e269904b8d,yve.bell@paypal.dne.com,thltylaw
9c220320-9721-4efd-9a46-f19137535ed6,zoe.bell@paypal.dne.com,8nbr7t86
c51f90d9-95f9-4c0a-8ec2-157643c4c714,alex.cox@paypal.dne.com,iihx58b6
fe763754-232c-4fea-b231-113381b91ac6,ben.cox@paypal.dne.com,cpdmfji9
eaf8abe9-9609-449f-ab70-66c587fec2ae,cole.cox@paypal.dne.com,m5ws0785
fe82cfba-3f1d-482e-8ab1-b12d278831d8,dan.cox@paypal.dne.com,ffrinpbo
305fe00d-539e-465f-a544-0aec25907f00,eva.cox@paypal.dne.com,1j5hhtuh
4503d8d6-f3f1-4078-8309-0aa3ce401b9b,fox.cox@paypal.dne.com,izbdno7d
732185a0-0c9b-4bc4-980c-72ef4426a650,gus.cox@paypal.dne.com,5xsszk9q
e18a947e-9747-48cb-b4af-26288a806a12,hal.cox@paypal.dne.com,ky6abui5
990f2723-06e1-4bec-b187-ff258bb04f39,ivy.cox@paypal.dne.com,0xy9qe4j
87dc985b-d30e-41ec-bf25-89d52cb1d7da,jay.cox@paypal.dne.com,8yd1yzae
9f14516c-f8b9-4bba-93e5-cff61d0323fb,kim.cox@paypal.dne.com,cx57vgi1
5e96dc44-92cd-4c75-bbb4-876ecef9c9e9,leo.cox@paypal.dne.com,gl754eu2
5a3dfa99-6fd6-441c-8266-9077c5df1c1d,max.cox@paypal.dne.com,2eoaghro
c288221b-94ff-4609-801b-59cebffec1b4,nia.cox@paypal.dne.com,dk6fb8wa
fefafc93-b37a-4d47-8992-59561f8f85f2,oak.cox@paypal.dne.com,padmgdkv
915226db-d36e-4415-b828-7515fd87f4a2,pip.cox@paypal.dne.com,bz335uj1
3e3dfb18-33c5-4f14-8c21-446a7a48def8,rex.cox@paypal.dne.com,n1amyyxq
f9ca234f-40dc-451a-a46a-2c0d0f0aa2ec,sam.cox@paypal.dne.com,2zqfvf2d
88641709-4f01-4a8d-b5b0-a30ec16bd2a4,tia.cox@paypal.dne.com,phz456h3
f793f7a0-4f18-48f5-983d-a5d7011d6f76,uma.cox@paypal.dne.com,0hhburwf
34bfd741-4ddd-4d2c-b80c-345117687384,val.cox@paypal.dne.com,syqo05lr
15798250-a687-40c3-a923-210df0dc00c8,wade.cox@paypal.dne.com,ovt5cuun
ff69001a-efb9-4c1f-bca9-2297b2cb2628,xara.cox@paypal.dne.com,8fnqpfnl
9f4e2ea3-a035-4b4f-8d07-32f608db617a,yve.cox@paypal.dne.com,sct8ba7w
619e3363-d725-4d2c-b543-76566f2920b2,zoe.cox@paypal.dne.com,igh275me
399f364a-4c78-4e1c-9970-8674af0ec1cd,alex.day@paypal.dne.com,d6tb6mpx
95ab9467-d9f4-4a84-8b32-5b29a1e8b577,ben.day@paypal.dne.com,wkn3z6zl
7b46a16c-8c8e-498a-84c0-27ad9ca57902,cole.day@paypal.dne.com,e93g99u5
25d9dce9-5da5-42d9-8cfa-3aba0786984f,dan.day@paypal.dne.com,0vjhyk01
2a89e9e8-711d-49e7-a1a1-15b3195a19ca,eva.day@paypal.dne.com,o3c49y1w
c202c26d-da9f-437b-b034-5cf635ef0ed6,fox.day@paypal.dne.com,0nltfdv5
b5671c3b-88c9-4c3a-a364-b6d49d4764db,gus.day@paypal.dne.com,1ohbtzpd
a877cf5d-b2fa-4119-9bc3-311875c0c93b,hal.day@paypal.dne.com,kpdckunv
132aa193-58ca-4f0f-a00d-143ba60984bb,ivy.day@paypal.dne.com,ya617b8a
eab3a20d-0051-4594-afad-02e43d5b3cb3,jay.day@paypal.dne.com,jd4g4tnb
f42bc936-c1c8-48a0-bea7-a2d235505094,kim.day@paypal.dne.com,raf66cyr
c5f02f1e-d17d-457c-a005-1f6bc80add1f,leo.day@paypal.dne.com,1df9nady
cdc5e534-51bb-4dd9-878a-00001b3fc453,max.day@paypal.dne.com,vldbvmwf
6d62b463-68c9-4846-892d-035c2456685d,nia.day@paypal.dne.com,x5n1x70h
48eea44b-9638-4555-9d7c-b3da957626ca,oak.day@paypal.dne.com,gnr1rkgq
b669a824-4862-4b21-a9e8-d8160840ebe5,pip.day@paypal.dne.com,c7a498qy
c15bc749-ce45-40b8-8bc6-f3186f5b18c0,rex.day@paypal.dne.com,najegi5t
781153df-da0a-4a2d-9bca-6d34b0b32556,sam.day@paypal.dne.com,2lllball
e79d5bc5-cfe4-42fd-b62b-c3b0bdca915c,tia.day@paypal.dne.com,1szkp1c0
64860113-f4e7-4dfc-be4b-937364391ce2,uma.day@paypal.dne.com,0zlsyjgk
f11f7184-c113-460c-b0b6-a4500d1fa9f6,val.day@paypal.dne.com,r2cbtj1e
f5513deb-b024-4f0b-94a7-e6ae86f7c284,wade.day@paypal.dne.com,smua0a53
b99a7478-e84d-4eb7-9abb-f8a094701d85,xara.day@paypal.dne.com,8bjaihm6
9cd0f529-d823-4f2e-bab3-71bdf8e04906,yve.day@paypal.dne.com,1laojfyf
4c8c6a9b-6938-46f7-9d9e-d5e3471280cd,zoe.day@paypal.dne.com,60vfdzt6
4e9256fa-880f-412b-9ddf-9437d9ec6fa7,alex.ely@paypal.dne.com,opoai0dd
8bad9b82-cbd3-4923-bfe6-f8e96c3afb1f,ben.ely@paypal.dne.com,hf589pd2
f7246d11-7ffa-4677-801a-8675c0cd5375,cole.ely@paypal.dne.com,hhzk8r3q
cae65240-fe0f-494d-93c8-886c9065b40a,dan.ely@paypal.dne.com,3ih7apor
15d35e1b-c431-4ef6-bc37-74773e95ba9c,eva.ely@paypal.dne.com,omwi2hx4
6095066d-1e7b-46d9-a226-8361764fea83,fox.ely@paypal.dne.com,scs4hkgv
cf8601dc-11aa-4936-bb84-d2ee35453a57,gus.ely@paypal.dne.com,pra0fyo6
ddc5571c-bf89-4288-a829-3f77bc9fbda3,hal.ely@paypal.dne.com,5jup37l4
fae40bfe-f8e6-4177-af56-2cec76940db7,ivy.ely@paypal.dne.com,qb40boiv
352f8deb-389b-4b3f-93ff-9a2bf0ee2073,jay.ely@paypal.dne.com,32cvfis4
eb942db6-ec64-4fc4-bc7b-9fb9baf37fb2,kim.ely@paypal.dne.com,tcto87lj
860d6b06-99fe-4cf2-814a-36c140febff2,leo.ely@paypal.dne.com,9qdxlhex
109c6134-5582-47b3-a891-70781f612b06,max.ely@paypal.dne.com,5l2jmmo7
4b26eb2d-3fa2-49dd-a209-66d51fbd7039,nia.ely@paypal.dne.com,wq3ng3sq
89a7f7da-b1c1-473f-87a7-99b0b00d09fd,oak.ely@paypal.dne.com,7qq5imbt
a49448f6-e031-48cf-9626-e2c0cab02d69,pip.ely@paypal.dne.com,uidwt16t
7b945ba5-1c81-47e0-b77c-c2e46bff6c8c,rex.ely@paypal.dne.com,n3pdyh75
e629beea-21cd-4a4c-b61a-e19c569887f5,sam.ely@paypal.dne.com,25d7royx
2ce6ca8a-22c6-4c96-9acb-89ffe8b9fa51,tia.ely@paypal.dne.com,pkwz6pu7
dc5408ca-18e6-495d-ab0f-7cf7b4e551ff,uma.ely@paypal.dne.com,218b0tmy
b9f210f5-66f2-4fec-acc9-4a5047d6cbaa,val.ely@paypal.dne.com,xngafr6n
6f71ef0b-dd59-4057-8754-6c68833c770c,wade.ely@paypal.dne.com,hscrjb6s
69d84639-10f6-4844-9c52-e9b07549e8bc,xara.ely@paypal.dne.com,mdaoxg8a
31603bce-6f5d-4c3f-854d-799518a18c1f,yve.ely@paypal.dne.com,w8frxmm5
0f0349cc-b199-41e7-86f3-ee8d2147c1f3,zoe.ely@paypal.dne.com,4hyum6oa
d80ab716-ae1c-4770-9114-a298cb46bb89,alex.fox@paypal.dne.com,bxxkrw35
a65ef195-6e6f-4e8a-9f9d-9c4280b89dfd,ben.fox@paypal.dne.com,t4hus21b
71e24502-d791-4b1c-ba03-3c932d0408d4,cole.fox@paypal.dne.com,2p4izga5
c1acbe25-4eec-4390-8d53-cd58bc5e48ec,dan.fox@paypal.dne.com,drwk6j92
c42b30dc-7ef5-44ef-8172-ff31046f5174,eva.fox@paypal.dne.com,vr43472c
7d20b2b1-bf97-455c-8172-4db6c71c3905,fox.fox@paypal.dne.com,9qijirpi
a7c7dac9-1771-423f-9938-333272a84f66,gus.fox@paypal.dne.com,9sy146ex
49ecdd2b-6994-4995-9216-e0a5d9928314,hal.fox@paypal.dne.com,mhbl1yms
8de93951-d6fd-41e8-a0c3-04c16bf28bf9,ivy.fox@paypal.dne.com,ivw7o9n3
efc5a46e-19c3-4a6d-baf9-491c8df9a0b9,jay.fox@paypal.dne.com,2cd5ihdq
7896ed49-db76-48c1-85f5-d33c94beaddb,kim.fox@paypal.dne.com,yiqkvrt0
de028455-851b-4440-906e-a2447940283a,leo.fox@paypal.dne.com,q1ze1mmr
cc058c35-df93-4d16-ae29-a950a87c8a4d,max.fox@paypal.dne.com,tifyl45x
ed7484ae-f06f-4448-8094-e8fbd50ced45,nia.fox@paypal.dne.com,vz8liyfp
5800a909-0315-4d00-a5d0-0feae20d5887,oak.fox@paypal.dne.com,ptn2mnhd
8c562786-fee4-4f20-94dc-9b76917ee1c7,pip.fox@paypal.dne.com,0rvr5lhm
910b195e-2a40-49c8-ab03-d4ce8330c39d,rex.fox@paypal.dne.com,6qna94uo
01afdf6c-3458-4725-811e-d928a999fa67,sam.fox@paypal.dne.com,78x65ecm
7f15bc06-4823-43f4-a367-b339a1360442,tia.fox@paypal.dne.com,h6ygl0kz
39c0243a-5bc9-42b0-b304-c62e20de004b,uma.fox@paypal.dne.com,8zxnj1gq
9e2c04eb-72f1-4605-b07e-3cb871d135db,val.fox@paypal.dne.com,n8mj5lic
00ba4f05-0f00-44a1-9708-bbc096de81d1,wade.fox@paypal.dne.com,jtqcdpyi
c46975c0-4165-4fcc-80bb-733a2097499e,xara.fox@paypal.dne.com,ofq6h3ub
fc675d64-61e1-4a15-99f4-819908fd3929,yve.fox@paypal.dne.com,xzl96ws7
57ad5423-f49a-48e1-8b91-999937ec3d01,zoe.fox@paypal.dne.com,v8ehkvp3
c938c1c7-c663-4328-bcc5-6c058c2a5aad,alex.gray@paypal.dne.com,czr0053c
0e983e6e-4438-4e65-9074-2231e1b7cd97,ben.gray@paypal.dne.com,qpnzdp08
632a071a-3d23-477e-89e8-71f47a12f2c4,cole.gray@paypal.dne.com,p762kecn
cdbba095-c998-466a-aff7-2e6f74068c8b,dan.gray@paypal.dne.com,iysobf3z
f69f4ddb-eb12-469d-847e-16d37d5dfbdb,eva.gray@paypal.dne.com,fqyjq3jd
5dbd9a91-66f1-433c-ae19-5545d9f5d0eb,fox.gray@paypal.dne.com,07wp01bj
75b4749d-1b5d-4100-9305-248e6ed9b856,gus.gray@paypal.dne.com,lx534259
94bca067-52f7-4414-bbef-d23084b0bf27,hal.gray@paypal.dne.com,8nuw99gr
f6018e80-3c06-450b-8bfa-bee1a3e5378d,ivy.gray@paypal.dne.com,j9expbkb
c805a1e0-3ce6-4f8d-97ea-9e6841ead846,jay.gray@paypal.dne.com,ojuy4irx
81e65f28-2a95-4401-a003-d4551b20e1b0,kim.gray@paypal.dne.com,io0sxnpe
77cda7d2-1e82-4914-a1ad-b13c70eacd03,leo.gray@paypal.dne.com,k5t4vt9p
0181b8c5-92a7-4562-b5f9-ea31faa86cdd,max.gray@paypal.dne.com,cchh0smz
eff09b96-cb02-4678-968c-8c0abec3125e,nia.gray@paypal.dne.com,f1silhrl
87c4452c-0e94-4da5-b578-b282e112294d,oak.gray@paypal.dne.com,h2c66kdl
65a67e98-091a-4484-90d7-26ba89a39560,pip.gray@paypal.dne.com,wgztuqcz
3fd8601f-3465-45f0-b217-8b781e31711e,rex.gray@paypal.dne.com,23dqhq0p
384a2fb9-d7ba-4e5e-ab8f-f3ef51666823,sam.gray@paypal.dne.com,q7tjja71
cc9ffb7a-849b-48d1-a455-ad86956d26b5,tia.gray@paypal.dne.com,2dvgfniq
1d4ef3f1-5e53-4d05-bd69-2e5723fe2e5e,uma.gray@paypal.dne.com,2k17dj88
27eea665-e192-4adc-a543-b3ee8c3c14ad,val.gray@paypal.dne.com,qxe0js7u
60cbaa92-3ad0-4245-9aa7-88da3d0001bc,wade.gray@paypal.dne.com,9us3u0xd
8b87c8bf-51e0-4e35-a309-66deee0d313b,xara.gray@paypal.dne.com,d11uxvky
ba3901b7-5ba5-40ad-96a6-8df3944d5a22,yve.gray@paypal.dne.com,rf3s0o4a
6a4fc61d-08ff-48f4-9461-f03ef21d2b35,zoe.gray@paypal.dne.com,zwg2g6c0
8424940e-5e29-4298-9d79-b7f2163e7367,alex.hill@paypal.dne.com,hp9jpmss
17e941c3-11fe-45a8-88f0-eacc3998a0b8,ben.hill@paypal.dne.com,zqwhq1c3
c49e7422-b89f-45d5-9e67-f16dfc1e87f6,cole.hill@paypal.dne.com,y4xis9h9
eb26dd66-689f-42f7-b12a-400b0c5cf09a,dan.hill@paypal.dne.com,syj1xebt
8aa7d84d-0ac2-4869-885c-0a79a70f206e,eva.hill@paypal.dne.com,ddiq2c8s
2dc350d3-31e2-4124-a247-4e955f695849,fox.hill@paypal.dne.com,pt6v2na8
9dc51ac0-8c9d-49a5-818c-e11db94c3963,gus.hill@paypal.dne.com,zglfgbqh
c2f02d2c-3d85-4e9b-9391-94b6d5b3cff0,hal.hill@paypal.dne.com,8tsl5i6v
8ec53c1a-76b7-444c-88c3-979eebc0f785,ivy.hill@paypal.dne.com,m5gh8qgx
8e1e4bc8-7c16-4e4a-afa3-8d8b0931a47d,jay.hill@paypal.dne.com,mrrt72fg
4a2d97f7-c69a-4687-8d88-40cdba1a9716,kim.hill@paypal.dne.com,q7mka5rn
c3459789-a23c-4eb9-965a-e750b32daf88,leo.hill@paypal.dne.com,6ec541ak
3deddd7a-11bf-4714-b207-81fc5c93c424,max.hill@paypal.dne.com,lyh6e78y
88e78aad-6d20-4ae2-b987-66887c52e080,nia.hill@paypal.dne.com,5a3wue17
4470775b-0a34-48cb-878f-a71669e26145,oak.hill@paypal.dne.com,b3zb42u1
d3eff7b5-495b-49f3-a04b-244ae078c517,pip.hill@paypal.dne.com,i6xzzw5n
ddbccf53-93b5-4c1d-b18f-2275245f3e23,rex.hill@paypal.dne.com,fn550t2j
435cb491-7d5f-4287-afee-9ff2770c6c75,sam.hill@paypal.dne.com,7d3p4hdc
fedf730c-71a1-43c2-adc6-a61acd3a3e88,tia.hill@paypal.dne.com,24ivbp44
f4a6ead1-48fb-4e65-80c5-1a825a12ad42,uma.hill@paypal.dne.com,ytq59xc8
529e178b-7414-4da7-bf63-53a76640f766,val.hill@paypal.dne.com,c7hl15a6
620bb3b9-88d7-47f3-b5e1-5ceec96c7595,wade.hill@paypal.dne.com,73fkzy1o
b5434e75-253f-4166-95b1-e539e9c84129,xara.hill@paypal.dne.com,m7uuz2tu
06446940-68c1-45d2-9d00-e861d7034104,yve.hill@paypal.dne.com,hnawdudy
b347f7f1-da21-463e-bef8-04bcf8621aef,zoe.hill@paypal.dne.com,sbv5ql0f
