2ec95d10-c2e8-406d-b167-9410fc3a50b0,alex.ash@amazon.dne.com,22xr5vvo
8c9833d2-ee16-4426-8277-bf0a0700e2aa,ben.ash@amazon.dne.com,lxopx0zx
532be489-f182-4fa3-a171-c4ffa239f622,cole.ash@amazon.dne.com,rg12crlp
6a18a208-ecd2-4873-bb6c-082ba6c660e8,dan.ash@amazon.dne.com,93x1yyf8
80f246de-0abd-4fa0-a555-e0fba885e01c,eva.ash@amazon.dne.com,nh4ic4go
f8337da4-d32c-4f11-9404-2c688eaebcbb,fox.ash@amazon.dne.com,mvkmja6m
5d4f1ecd-d3bc-41f7-a308-b9c8bea4d355,gus.ash@amazon.dne.com,p29dxf60
e0e1e621-417b-434b-9291-36abc46ba437,hal.ash@amazon.dne.com,m3ul1ccg
1c9bc4c1-4023-43c7-8152-9e26705453a7,ivy.ash@amazon.dne.com,uw0ix6dt
a8c30f2a-73f5-43e9-b8c3-5749bd4938c4,jay.ash@amazon.dne.com,05i3xkbq
b98c5158-ff23-464f-aba6-465f6ab8401f,kim.ash@amazon.dne.com,097faw0b
e1caab56-c0ba-4406-bc51-2e3cf10b344a,leo.ash@amazon.dne.com,xgkdsym4
a1aa4299-10ae-402e-81ca-6e5a61d51584,max.ash@amazon.dne.com,ifgucop5
72473e19-a017-4822-9a9e-3cf9d233d3ac,nia.ash@amazon.dne.com,dxat79er
dca5fcb2-e7e1-4101-9493-7c68a2a94f8b,oak.ash@amazon.dne.com,0nfh1557
b6c25e0a-605d-455c-9a8a-f7dd117f3308,pip.ash@amazon.dne.com,86houltb
f13619ce-0fb5-4584-be1b-63cd7e2e3620,rex.ash@amazon.dne.com,dmput5za
37831345-ade9-45eb-bb7e-6a6ae0def8f1,sam.ash@amazon.dne.com,icyfz79u
b91b1593-a0d0-4b50-8309-13531dcd9d12,tia.ash@amazon.dne.com,l347ivao
194c0438-4c24-4cac-b143-25cc90a76932,uma.ash@amazon.dne.com,tjv1xm6u
9f10f0ee-f4be-4eae-8a7e-ee6b8eb244c8,val.ash@amazon.dne.com,ccvb7ns8
03ba052f-22f4-42b8-bfc0-84e8b3d60226,wade.ash@amazon.dne.com,hrajiq4h
cb87e3e1-89b3-439a-8af8-0a6b3736d184,xara.ash@amazon.dne.com,xp15l2e9
eaad5314-0a5e-453b-a0d5-6ea844741a31,yve.ash@amazon.dne.com,39ls3d4e
fd67a5a6-df58-4702-9b10-4b43ec73a018,zoe.ash@amazon.dne.com,jzqogaim
6e05e685-195c-4e91-a1c8-9a9d5237a9e5,alex.bell@amazon.dne.com,i29nwnb1
ce66388f-7b9e-4cc3-a414-aa788f98797f,ben.bell@amazon.dne.com,9jxr9w77
cd1fd49e-ce81-42a2-89c6-949c1c3822cc,cole.bell@amazon.dne.com,l04cnnvd
14df8997-d16a-4ce8-814e-3cacaf0d8e67,dan.bell@amazon.dne.com,0vvgha2c
347c2770-8454-4595-b99c-050ca6286f16,eva.bell@amazon.dne.com,t0mneiiu
23d3cbcf-c600-4947-8fbc-e50a33667611,fox.bell@amazon.dne.com,md5fs9rj
4be9b416-81c6-4385-be55-d806cbe47b79,gus.bell@amazon.dne.com,ozz2catx
b09b4d6b-e456-4084-ab8e-f0b997a0e6f6,hal.bell@amazon.dne.com,f63czgnk
55cec588-d2b4-4091-acc7-dd88221ad52e,ivy.bell@amazon.dne.com,0k77cf0d
3c529ebd-60a2-4c5c-b0bd-07671fd53327,jay.bell@amazon.dne.com,k4hfx7eb
3d665868-a474-4ae9-8b26-4b6e4f2620fb,kim.bell@amazon.dne.com,tcv2jrkt
2eef65e7-d9cc-4125-a925-aae0fa9c03b8,leo.bell@amazon.dne.com,qbkb937x
c4557732-ec04-454b-bfec-4e9eacea317c,max.bell@amazon.dne.com,kxlt132b
7bb36c8d-6187-45a0-a1eb-fd1e51f21d15,nia.bell@amazon.dne.com,ypiubxvr
7afc485f-6aec-4be8-bf6e-d45bb785b406,oak.bell@amazon.dne.com,rqthcixu
3fd8afc5-4787-4f89-87d1-3feec4c05696,pip.bell@amazon.dne.com,mo75ro2m
34748007-ebdf-48f1-ab29-cab44660c30d,rex.bell@amazon.dne.com,xebal501
0e58e3cc-3ac4-420d-9a03-6b9b4aceec31,sam.bell@amazon.dne.com,iqnc7cx5
0b78169d-ba55-47ef-8d29-c4521bb55bb3,tia.bell@amazon.dne.com,x6zyst4x
cfa6df32-7b10-4a40-af69-35d0aee658f8,uma.bell@amazon.dne.com,m3g9h7go
a678d891-2fb2-46cc-8302-5da7a64d16d9,val.bell@amazon.dne.com,5hs5xxy2
9e74c0f5-ea86-491d-b2ba-b8cf901aa437,wade.bell@amazon.dne.com,jag6vxeq
25133b11-95a2-44a5-bbc4-993a6d21f67b,xara.bell@amazon.dne.com,efwazgqu
d38f0d49-ef04-4049-b7c5-83b95967cd99,yve.bell@amazon.dne.com,ksujem8c
52fce7f4-1889-4813-85de-2db5b2486848,zoe.bell@amazon.dne.com,ha8ehgqy
82ac901d-e03f-44b2-a912-71266e6ed080,alex.cox@amazon.dne.com,vsg6vekj
0e1b351e-76b6-423e-99d9-32d563d723e1,ben.cox@amazon.dne.com,w19jacbl
a508fea6-155f-47f6-a642-42ef1ab744b8,cole.cox@amazon.dne.com,j0nzupg2
b11d5c01-5848-4244-9bec-8172f94fdeca,dan.cox@amazon.dne.com,7sagi7qy
0c3a29fc-0510-4644-94b4-59d082700c1f,eva.cox@amazon.dne.com,y4h5q4v9
3c61803f-d563-499a-8a8e-58d9431a8117,fox.cox@amazon.dne.com,0cuh5ntz
9cef6ddc-35b2-49a7-96dd-0524a4032347,gus.cox@amazon.dne.com,ehpv5o71
a3cc798d-ea74-49b2-a0a7-63b17e517ae2,hal.cox@amazon.dne.com,et22hgpu
d0580802-78ce-4ea9-9094-06174b09a571,ivy.cox@amazon.dne.com,5cgy8vxb
dc537a92-870d-4b89-b1c1-3609e8913293,jay.cox@amazon.dne.com,b7scsmj6
f1445975-44fa-4f7b-ab71-7248021e4415,kim.cox@amazon.dne.com,63cpwkxl
b7bdb675-d33c-4c73-b625-9619d7523dc8,leo.cox@amazon.dne.com,1zz02r2o
f71b38ec-6094-4039-a40e-dc028dae96d3,max.cox@amazon.dne.com,itqnhy6x
17f9ddff-3590-4e6a-94d4-63dd10414038,nia.cox@amazon.dne.com,9ujb353l
1ef5633f-8db7-42ac-8b7a-2f2716003808,oak.cox@amazon.dne.com,cslxccj8
8b6d5281-b8b0-4d94-b873-498234715251,pip.cox@amazon.dne.com,mo2u6uu3
bb883c53-93c1-4cc3-a021-ddab46c0af45,rex.cox@amazon.dne.com,7u2gw1r7
4b884d84-9c06-4bd2-b864-47d1859d5d8b,sam.cox@amazon.dne.com,luyxhxw1
9af98a30-0a0a-4e9c-9fc1-c225bde976df,tia.cox@amazon.dne.com,knxnakhu
992c1328-a8d3-46a0-83de-d28a992725bf,uma.cox@amazon.dne.com,73x5cnqi
4a338751-deb6-4159-83e5-53700875776c,val.cox@amazon.dne.com,mmnxajol
73048ef5-505b-4f2a-8a9e-8a0dbb768b30,wade.cox@amazon.dne.com,61zip851
eb306a54-b743-4afc-a2ec-e86637bcaeef,xara.cox@amazon.dne.com,feykqpnt
daa265db-b9bf-481b-83fb-de41a34be25f,yve.cox@amazon.dne.com,xodkm414
4c424fec-515e-4604-9e4c-f564e3bc8dcb,zoe.cox@amazon.dne.com,hb5i2ukl
158ead97-23d7-4b78-ac94-c9d8ab827dd2,alex.day@amazon.dne.com,4ntif16d
ffd35a66-2239-46e0-824c-325056aab9f5,ben.day@amazon.dne.com,i19vjmbf
3601c198-b566-4766-afb7-bfe60244dd68,cole.day@amazon.dne.com,i1yudf80
ea6fbba5-bb86-4777-b446-fd4db7278620,dan.day@amazon.dne.com,dwlln01a
53244e73-4f38-49ad-a1a1-db79833fca51,eva.day@amazon.dne.com,12dihqi0
dc13a73e-29b9-4f7c-a840-fa43faa98c86,fox.day@amazon.dne.com,46zckgjq
1c25834a-0342-417a-aad0-102c337b123a,gus.day@amazon.dne.com,i3pqko0j
c536057e-5c7b-4ef6-974c-4185ea9e9828,hal.day@amazon.dne.com,7663mipd
237dc2b8-da4b-40a8-8ce9-cd19ae26e74f,ivy.day@amazon.dne.com,s6sph7d3
dfe1d934-bfff-4a49-8a3f-00c91a33d2bd,jay.day@amazon.dne.com,j2m2vc6p
d68842ea-3491-408c-b1b7-be0c2c1bd7b0,kim.day@amazon.dne.com,ke2lff73
142cffa2-4aaf-41dc-a8ff-837b5085133a,leo.day@amazon.dne.com,o4s98slb
9b542b9e-d8dd-4720-a7d8-6cf4619d3e5e,max.day@amazon.dne.com,9lyam0ch
d888e3d6-23f6-4aad-b3cf-d63bc4787dcf,nia.day@amazon.dne.com,mrz2cq9u
97d15ccc-f34b-4659-bd78-24da79907e38,oak.day@amazon.dne.com,g7a5g0a2
e2a3926c-8731-4218-a392-655cc96e760c,pip.day@amazon.dne.com,8dga15pi
1ff6fbf9-5534-419a-a1df-7c74e5113eb0,rex.day@amazon.dne.com,uig4dazp
616626fa-9692-470a-9cf9-e156f8f59d23,sam.day@amazon.dne.com,dr8qfwad
176db298-401d-4b2a-a137-4d81cc4d7f85,tia.day@amazon.dne.com,rbvcbzlq
787b4caf-7c2f-410c-be6b-83efdcc4c92f,uma.day@amazon.dne.com,voy17hwo
1aa19d8c-94cb-4e4b-96f8-0829a29aad6a,val.day@amazon.dne.com,v5u8t52s
61670583-bc8e-42fa-82c4-39a122ed2a44,wade.day@amazon.dne.com,weyqzp20
6a44cbfa-85ea-435f-b949-603be1c3843a,xara.day@amazon.dne.com,bfr18h7c
9ec9a7f3-bac4-4a05-ae2b-453f26110faf,yve.day@amazon.dne.com,fjyosh9d
333d0374-eebf-4678-a2c8-b75a2ed78c9b,zoe.day@amazon.dne.com,fmfzy99f
8c846708-4050-4b33-aeeb-e3c88d8d1818,alex.ely@amazon.dne.com,js6cunr7
0bb8eb78-3657-4622-8448-d7e2b36b288b,ben.ely@amazon.dne.com,e34dlbdc
ae460b87-48c4-403b-bc39-9f8d48f66ef2,cole.ely@amazon.dne.com,vqsfsmno
a3f0ba0f-7c2a-4504-bc0e-2eed2e789b73,dan.ely@amazon.dne.com,cpz36hgn
600a08c0-4b02-4873-b174-ea62ef741dfb,eva.ely@amazon.dne.com,bun95s1b
7be1141e-7870-4156-8c88-d3d70b3ecc5f,fox.ely@amazon.dne.com,4hhchf0b
c7e3c156-83e4-4fe4-9b09-083e0b7691f5,gus.ely@amazon.dne.com,0cx6pjy9
e6c55a14-3ca1-4d6d-bc16-7cbda2905b15,hal.ely@amazon.dne.com,11qh1hn6
586ae582-23f5-4de6-bb6e-245b0dfc6e30,ivy.ely@amazon.dne.com,g6ohkt4l
eabe3dc1-4fff-4e29-8730-bfa3e708c7ac,jay.ely@amazon.dne.com,rym2sn3h
de162a1c-4a44-4cec-b475-93359c125d30,kim.ely@amazon.dne.com,ttq60xv8
d02c8525-4439-4482-b1b4-f1b65415406e,leo.ely@amazon.dne.com,jj8p5jz9
58dfa996-09bc-429b-989b-2562c2488295,max.ely@amazon.dne.com,hakyuf7d
a856686d-025f-4c3b-b696-6e12407668d6,nia.ely@amazon.dne.com,rafzhzas
9b9ed5df-e8ca-4d78-bfbf-6bbcd7c6053e,oak.ely@amazon.dne.com,z3qm59ga
4d752c33-6853-46b5-a41b-db99d4660829,pip.ely@amazon.dne.com,i39agowq
f3022891-84ca-45ae-84e5-50a627629019,rex.ely@amazon.dne.com,as8su3z0
ba13b64a-0426-44a2-971b-953de5bc62a3,sam.ely@amazon.dne.com,6tdbw8pq
5df95a30-6d81-4d2f-bd69-ae0bbfe37845,tia.ely@amazon.dne.com,2lllgmwv
afb7c9ea-29d5-436c-8b25-f1c4cd87df92,uma.ely@amazon.dne.com,ncj14oks
f5116296-07e1-46f4-be63-5e700b56288b,val.ely@amazon.dne.com,jxhkb332
2d92af2e-971d-4c47-a6f9-115bdf50c47c,wade.ely@amazon.dne.com,getuh5zt
8c7558ea-fa46-43b7-896d-06d20879943d,xara.ely@amazon.dne.com,nefi1yh1
e402c8b9-da2a-4d3a-8151-e9fa58a2552c,yve.ely@amazon.dne.com,6hq6v6dj
0113ffe5-2c12-458c-b0f4-96458d77d190,zoe.ely@amazon.dne.com,c7s6jwzy
5541e395-308a-4555-87e1-220b32253e8a,alex.fox@amazon.dne.com,609kaqdg
a3bc49c0-9842-4da1-a399-ebf82c8072cc,ben.fox@amazon.dne.com,gd8r774u
d7fe0bfa-061c-46e7-8c71-70c6aa85e9f5,cole.fox@amazon.dne.com,f7u324at
e19fe16f-8814-4c8f-af34-99659b5b3afb,dan.fox@amazon.dne.com,4k5pf41t
4122a5ce-6c77-4e64-a2c7-51577c25e970,eva.fox@amazon.dne.com,1w6ibdns
77d4c21e-d562-4c92-96b6-4c60a9267b6c,fox.fox@amazon.dne.com,wofxv2gs
2cbef9e1-b3df-43ed-8167-5c99dddedd60,gus.fox@amazon.dne.com,gdr33llb
58649f13-c77e-456f-9982-5a4e6a20a84e,hal.fox@amazon.dne.com,oc7twqky
92a3ad82-f883-4e60-bf82-c702dfe9f6a9,ivy.fox@amazon.dne.com,oegbcybl
f8cfa826-4958-4ac9-a20d-f6700cb24b06,jay.fox@amazon.dne.com,wn1w37jg
4f9da160-dad4-4a33-b705-98d2ab27b7d9,kim.fox@amazon.dne.com,ow9al4qd
d51debf0-e8a9-4185-b125-fb4a53b92180,leo.fox@amazon.dne.com,8ea4lnii
ab0ca361-7090-4503-80ae-b698f2b0955e,max.fox@amazon.dne.com,e5zy3o4r
413828fa-1451-41c4-b4a9-8dd75a8fa1e0,nia.fox@amazon.dne.com,djfzpbfn
9aa212a0-39df-4e27-b3c7-52e2a898e238,oak.fox@amazon.dne.com,02pv89d9
9d854ab9-547a-4a0f-89df-e679373f30fe,pip.fox@amazon.dne.com,3m63ssbu
3ab7a7d0-c58e-44a5-963b-13bcbd4ddeb7,rex.fox@amazon.dne.com,pqohlq5y
c1c8894f-c7ad-4f1a-97ce-82280effbdb9,sam.fox@amazon.dne.com,pgh4761p
ffb40f17-70eb-4f40-a0d9-52c069a319b7,tia.fox@amazon.dne.com,indcwyku
836878f5-f278-4bbd-ad4a-3673f2cc5f87,uma.fox@amazon.dne.com,zu9xbuav
b3729a22-35d1-459a-bd0b-3fcfb9d7228a,val.fox@amazon.dne.com,up1t3di6
10e63c1b-53ff-4abc-a704-7980590e9a64,wade.fox@amazon.dne.com,8v16ryqs
9ea2489b-af7a-411f-82bb-81008eda5316,xara.fox@amazon.dne.com,2w5iuf6n
db3397ff-de7e-4700-8351-46ce8d5357fa,yve.fox@amazon.dne.com,nt1j2f9l
26c796f7-03cb-46e2-8cbd-d56422a02bd0,zoe.fox@amazon.dne.com,fzkrlao8
77d75a43-062a-4efa-86f6-89c2cca7ef09,alex.gray@amazon.dne.com,94d9j5r4
e203cb6e-66f6-4d6f-841d-cbc29365afa2,ben.gray@amazon.dne.com,ybasxalb
53abbfa4-26e8-4a59-82b6-aca973d6b0a9,cole.gray@amazon.dne.com,iqje0afn
8f267edd-0d98-4ab5-999c-3b282ad86d12,dan.gray@amazon.dne.com,0cv4u8ga
387bd791-1786-4df6-b4e7-a5f4a1423c78,eva.gray@amazon.dne.com,a5ochgrm
d763b518-92a1-4ea8-9c33-b195fa7d69bd,fox.gray@amazon.dne.com,dz5wmzdn
b14105c5-da93-489b-983e-533a04cd29fc,gus.gray@amazon.dne.com,vs1us4zv
17f85c1f-c272-4a63-931f-cd454046c9fb,hal.gray@amazon.dne.com,1ip8utao
9daa03fd-71e6-4193-bc8b-02e6439d56f3,ivy.gray@amazon.dne.com,yj894owf
268bdb32-b9e7-4422-a3da-fe76effa4bbf,jay.gray@amazon.dne.com,t3tawqnl
ae2083d5-6abb-4fb3-b22e-240663a63b64,kim.gray@amazon.dne.com,wfmj5wq2
206fe0de-f3d6-4850-8751-6790023888c8,leo.gray@amazon.dne.com,74xw8l8g
9e435d6b-aaae-474f-847f-b1365e7f6cbb,max.gray@amazon.dne.com,kfgec6tx
de8005c7-c789-4b0d-bbc4-a69b2a3ea841,nia.gray@amazon.dne.com,ousmla46
5358c0d1-4cc2-4fae-8756-865620123aa6,oak.gray@amazon.dne.com,s514gxj3
589bb6eb-b42d-4b5f-af76-ff7e9e20eb1e,pip.gray@amazon.dne.com,tht939ex
cefbe978-6626-4d4c-838d-7aa9c4f7aa9d,rex.gray@amazon.dne.com,8e33ff9e
ff051249-7993-4469-bad1-94db5cb1ef01,sam.gray@amazon.dne.com,4aempp3y
92ea0b71-8e79-4a16-9245-f3b3c2815866,tia.gray@amazon.dne.com,ifgkpcdx
2aed72e4-0151-428e-acb3-f090ff7d89dc,uma.gray@amazon.dne.com,5o0kqvl2
560dd312-9cc6-4318-b30b-73bf19df5ff9,val.gray@amazon.dne.com,uaxxvdw5
7aa9fb78-f508-41e5-b05a-75dd5b5a73fe,wade.gray@amazon.dne.com,yxcbmt8p
411de9d3-cede-4b4d-b112-e69f2a168a84,xara.gray@amazon.dne.com,5n2zxf8x
c1eda34d-dce5-405a-baee-7188737ae655,yve.gray@amazon.dne.com,far3ipcc
497d67ec-f70a-4dc3-9fce-e5941fd899ab,zoe.gray@amazon.dne.com,mc1mi9q2
426a30f7-d574-41f6-a797-d076b68c9944,alex.hill@amazon.dne.com,7tisr48a
cf8e7d2e-e41f-4a4c-a42e-ad3528eb3f3a,ben.hill@amazon.dne.com,0ks2s6xc
3794cc95-effe-463e-871e-e21fbe2576f6,cole.hill@amazon.dne.com,rbdkngsc
2f56e1b9-99c4-4b2e-9aa7-c529baefdef1,dan.hill@amazon.dne.com,ollwbjkf
c36f8ff5-7f08-4520-b45e-f55c8f604f5e,eva.hill@amazon.dne.com,b80v7yna
7d77eeb8-83a7-4788-a829-41c97a8a40ec,fox.hill@amazon.dne.com,otz280lg
f728dc9c-1cd3-4248-8016-1d080b49f106,gus.hill@amazon.dne.com,r8zd9pmd
9969da40-eac2-424f-93de-9f4de59f5d1d,hal.hill@amazon.dne.com,ltxb4s0j
1ae08197-528b-4c0c-96b6-f7e8a95b14bc,ivy.hill@amazon.dne.com,shueka1g
d3be6a1b-bd61-404e-b1a1-03e775cdff2d,jay.hill@amazon.dne.com,k17ieoe8
98398757-7676-478a-aedb-69c5332f706a,kim.hill@amazon.dne.com,fzyvumg5
326e0dda-19de-45fd-836e-c35f72e32072,leo.hill@amazon.dne.com,0k9wrgu5
5dd16bee-ff58-4f87-8dc7-dd265d322b77,max.hill@amazon.dne.com,8kftouw4
2355b5b8-cf3b-4240-92b1-95093ee60cbb,nia.hill@amazon.dne.com,s3xk8j2j
28f31fdb-2ce8-437b-a907-fe95ed9de799,oak.hill@amazon.dne.com,j9t62nvx
f5f69d27-3b28-4fb4-aafc-35fce7afa3de,pip.hill@amazon.dne.com,ngxdlbyl
4bba9dc1-160d-4b97-81a5-b8abafbdf10e,rex.hill@amazon.dne.com,ukp44m5h
f578db82-8edb-47c3-8d8d-feaf72865f65,sam.hill@amazon.dne.com,9ojmapyc
2a1c9eca-2c30-40e9-9dd7-22167ed25f3a,tia.hill@amazon.dne.com,oh5b08t5
35487938-8cf2-4e35-816c-a4e2efad18aa,uma.hill@amazon.dne.com,xqnybjil
7bbeb1ac-20fb-4fb8-815b-43f0e1987d96,val.hill@amazon.dne.com,n5wddndn
c03386db-45a2-4b3d-a3e1-9d3fa48e6f56,wade.hill@amazon.dne.com,7trtv8d5
795b1674-b1bb-4237-bae7-6cdff53a7f64,xara.hill@amazon.dne.com,s5qb3evk
faecb05e-4924-43b5-93e0-3d2682d5fa99,yve.hill@amazon.dne.com,3wp0kzen
1941b0eb-cc71-4d88-912c-20660e7c2ac3,zoe.hill@amazon.dne.com,usfsoyv1
